actor_entropy,actor_loss,alpha_loss,alpha_value,critic_loss,duration,episode,episode_reward,step
1.3852993249893188,-0.08621572703123093,0.11080403625965118,0.10000000000000002,107.29652404785156,1.4098927974700928,109.0,-118.57059339035396,10001
1.3518752842336088,0.05651362649498608,0.10706877356042734,0.09962773912133084,242.5457636858966,0.5778019428253174,110.0,-274.0469129493879,10075
0.8683071494102478,0.4910975567604366,0.058495827921127015,0.09891074249962295,248.20575565538908,0.7685022354125977,111.0,-449.802708940708,10170
0.5616492023618203,1.3481029145360932,0.02798507985930274,0.09839083673752819,225.09113535543128,1.1290111541748047,112.0,-732.2523570993546,10297
0.7491641119122505,2.017021814982096,0.04612464653328061,0.09773563278172566,211.35406874020893,0.9929571151733398,113.0,-107.03243582379942,10417
0.5963141876009276,2.4209033813116685,0.030946921258461924,0.09698110691229184,217.79111630061888,0.8527553081512451,114.0,-329.7014910171753,10523
0.45120964037335437,2.7740255117416384,0.01675501631309643,0.09623330789247386,199.45569142466007,1.9097950458526611,115.0,15.269519360286239,10753
0.3571391954260357,2.9626424413616372,0.007652965355546103,0.0957926717294283,150.63454568184028,0.9761502742767334,116.0,-45.02645804471661,10871
0.2729066865639475,3.358245843099653,-0.00041640434148339966,0.09565215976733141,139.60004652075392,2.314730644226074,117.0,-119.14908840219306,11164
0.20381207196414472,3.8435430450439454,-0.0071343650814378635,0.096940956666382,85.94299084949493,8.231159687042236,118.0,-21.31603894702908,12164
0.17286874078214168,4.4051236056089405,-0.01066342268162407,0.10219071743103608,59.00145416307449,8.027195453643799,119.0,-107.17843423697336,13164
0.2032754719555378,4.491755106806755,-0.008089362285361858,0.10961932352002775,56.329113599300385,7.993044137954712,120.0,-98.17931456595863,14164
0.2244763210982551,4.5424773333056665,-0.006056723306442547,0.11466132257019078,49.7289807929822,3.5960910320281982,121.0,-50.3824026043973,14611
0.23994654852610367,4.757314089628366,-0.004362601575662549,0.11688249687990077,49.05997142791748,1.5433769226074219,122.0,-102.97034136954555,14806
0.24404537971590606,4.8334342633054845,-0.003920639572422426,0.11801093799197022,44.248237305403876,1.7701148986816406,123.0,-128.8087203566341,15019
0.25246616034037056,4.837340800035665,-0.0029538044369481742,0.1190099569200698,45.113223843308475,2.014969825744629,124.0,-71.61565751303499,15252
0.24219864579262557,5.032784448729621,-0.004220626873575384,0.12039326238316887,46.08193239017769,1.7502591609954834,125.0,67.29024809461035,15468
0.24260430393947496,5.00815654264556,-0.0042194433387420655,0.1217309325499887,40.46355180740356,1.5541291236877441,126.0,-173.66621394982315,15648
0.24236194563858562,5.1458923893590125,-0.004325831421909775,0.12393704366006436,40.060183601994666,3.248883008956909,127.0,-47.19902761444031,16051
0.24923385581687876,5.299033011260786,-0.0035335944845236987,0.12599283248412757,40.17690731663453,1.2856214046478271,128.0,-254.25800829995552,16203
0.25964047929962275,5.216791294552953,-0.002239094922427788,0.12718393340841394,34.18600920614252,1.54850435256958,129.0,28.375109806977264,16400
0.25876495848872705,5.470496116997953,-0.002366134664740882,0.12807118135521037,38.07478762529567,1.4494924545288086,130.0,-270.9349139567213,16567
0.2587414540541478,5.570976897692069,-0.002384684116501982,0.12874638945837524,41.346630591612595,1.2514290809631348,131.0,15.538439046316313,16723
0.2575450802842776,5.646055343857518,-0.0025622045189030124,0.1301777003697737,36.58611334164937,2.0453524589538574,132.0,-86.35930743504001,16993
0.2618822660567104,5.820141974566639,-0.0020217065559362695,0.13161077721567865,39.04769407061563,2.210143566131592,133.0,-265.18462676419597,17269
0.25591413558915604,5.705277509467546,-0.0028373533307553033,0.13316126607865963,35.305033885600956,1.7207772731781006,134.0,-193.8217096677355,17484
0.25727910384899233,6.059534710791053,-0.002686516750354047,0.13463438452546433,37.95648628327905,1.6007647514343262,135.0,-291.2082193852713,17689
0.25470461629588026,5.975331651753392,-0.0030906536917459093,0.13680892693149532,36.92165105425078,3.48100209236145,136.0,-264.50081228841896,18124
0.25209824436492423,6.304587427907205,-0.003547781762944074,0.14096165341856917,38.505550521569695,3.316070318222046,137.0,-134.33936658472442,18545
0.2550877508659015,7.13070693490883,-0.003244367058999212,0.14656050929127204,36.44976028787471,5.683196067810059,138.0,129.53301922354842,19258
0.25509318858172514,7.812002144934618,-0.003392059122105614,0.15321422615005661,38.800034033248835,5.506599426269531,139.0,-286.5722698624314,19959
0.2802585271142778,8.433117673510598,0.0004700968836134832,0.15661510643810808,37.35541768301101,6.834400177001953,140.0,-125.60275452022651,20001
0.26093241526186467,7.832402233839035,-0.0026198013163520953,0.1610315980215463,40.487971793174744,8.080559015274048,141.0,-112.0554252144865,21001
0.27210840456187724,8.001228236675262,-0.0008540020130167249,0.16697479070415655,40.76248535680771,8.017460823059082,142.0,-49.758966563401465,22001
0.2726052455840262,8.094910976179051,-0.0007799529132999544,0.16753478908688157,40.41038377690384,2.863109588623047,143.0,-411.0707635191879,22348
0.27870671938359737,8.3348636906147,0.0002443613784271292,0.16917027735086354,45.05936079740524,8.2053542137146,144.0,-28.77612030721226,23348
0.2835934499502182,7.6039681527614595,0.001050923229980981,0.16684059277437366,41.28442416572571,7.934862852096558,145.0,-46.49545736799002,24348
0.2886309671998024,6.601432898372412,0.0018301346620719415,0.16083157144069396,40.190458081245424,8.245691061019897,146.0,-31.592798580242626,25348
0.2850522679750357,6.100665785861711,0.0012184042786502953,0.15570235066261945,39.55611110429694,6.817644119262695,147.0,63.71970484920335,26170
0.28147010596540684,5.845846286186805,0.0006482344279342775,0.15380925480909818,40.97332914574788,6.7418200969696045,148.0,-233.11777434321223,27002
0.2842624368234956,5.495284492941728,0.0010592827494473266,0.15128194529309816,41.141171937512766,7.390474796295166,149.0,-271.95092823920606,27903
0.29157091254697126,4.950561976573047,0.0020973681479774637,0.1465209917407384,39.76363881335539,6.894775629043579,150.0,-191.6347931732128,28753
0.29409381484985353,4.600345450997352,0.0023549790905963166,0.13980492503515327,36.71236705160141,7.986907720565796,151.0,-72.32336265539213,29753
0.28332098008644196,4.268519886559056,0.0008252580093187956,0.13547154957953716,32.68958999841444,13.472031354904175,152.0,62.4511057561582,30001
0.28289165744185446,3.817898418813944,0.0007573547120846342,0.134481406013861,34.36867763328552,8.19346022605896,153.0,-16.64835540945011,31001
0.28628850923478605,2.9273389498442413,0.0011845420027239016,0.13038839712553202,33.62177430772781,8.18725299835205,154.0,-55.003377881028015,32001
0.2875292320847511,2.1333056808412074,0.0013031931837322191,0.12645382157764234,31.173969758033753,8.067808151245117,155.0,-24.582888974816832,33001
0.2776827018897972,1.7992327011741713,5.3138706777368705e-05,0.12473214444974955,31.855091659562817,3.5514609813690186,156.0,-29.7883954861574,33452
0.28650035850703715,1.0490588310062885,0.0011317641541245393,0.12244821008237816,29.41261837339401,8.140196084976196,157.0,-6.0036457286174745,34452
0.2804668535888195,0.4238186270296574,0.00038410160045896193,0.11981272884984824,28.831417645931243,7.794095754623413,158.0,8.329627490135804,35452
0.27801963286101816,0.0602079359292984,9.081197304476519e-05,0.1186743889498223,27.785414538145066,8.09536600112915,159.0,19.143070684603906,36452
0.26948236295434297,-0.04670792903567924,-0.0009220097921063482,0.11873832391357315,30.10549771199461,1.0844743251800537,160.0,-77.93165372622092,36574
0.2769508367329836,-0.690897431820631,-3.535161100444384e-05,0.11790677022482754,26.96192792081833,7.981200933456421,161.0,-38.420626968397045,37574
0.27087624648911723,-0.9685435630749948,-0.0007638704970040245,0.11989850124390891,25.298443690384968,4.801746845245361,162.0,151.09170808201577,38180
0.2737541641589183,-1.2829772727694482,-0.00042451795412651647,0.12132919649653263,25.497052647961173,6.30091667175293,163.0,141.42873447289722,38965
0.2669019886227541,-1.433301485381847,-0.0012655908794840798,0.12217084959017664,29.546499934307363,1.4957997798919678,164.0,-75.22919383655454,39137
0.27521286960001345,-1.5972474888139576,-0.0002511302453529896,0.12325381768402316,29.55485026207235,16.3425772190094,165.0,30.711979277756296,40001
0.28126441317364553,-1.759591461002582,0.0004927325539023994,0.12292784938205233,26.25005793701934,5.811110496520996,166.0,-243.86475010369662,40732
0.2768263261467218,-1.5185852037072183,-5.1873028423869984e-05,0.12253374746663076,25.198400724411012,8.036138772964478,167.0,60.77224990832009,41732
0.2799715395271778,-1.473748033553362,0.00033163812034763397,0.12128276524858297,25.11647904419899,7.792144060134888,168.0,-16.067709578984132,42732
0.2819068405926228,-1.8806901797950268,0.0005595983191888081,0.12039937351727349,24.725559655189514,8.143303394317627,169.0,46.78843434921978,43732
0.2877110367119312,-2.1243243663161993,0.0012274954152817373,0.11787652243753881,22.992769768238066,7.9913716316223145,170.0,1.447842386733169,44732
0.29413852882385255,-2.453748286604881,0.0019010050245269667,0.11274323076354008,23.02889420080185,8.166226148605347,171.0,-17.351252751256524,45732
0.2954470165669918,-2.641387860760093,0.0019507979582704137,0.10699806734668636,22.769664855241775,7.910980224609375,172.0,54.77111425786428,46732
0.29800557062029837,-2.7351124830543996,0.0021176802383561155,0.10179394681076318,22.153142991542815,8.138984441757202,173.0,22.768068044542197,47732
0.29977033120393753,-2.8397302998900416,0.002175366126015433,0.09681004153615662,22.90075707411766,8.25966191291809,174.0,-9.862729095953704,48732
0.29291870537400244,-3.1995261724293234,0.0014409855241101469,0.0918739348982438,21.159431052446365,8.122536182403564,175.0,-6.1488685180340745,49732
0.2977955895839571,-3.3920784643591557,0.0018373541119569034,0.08939134586437567,20.030069982252158,12.043659210205078,176.0,40.24009749335461,50001
0.2929642627835274,-3.5582242242246864,0.0013650665257955552,0.08669934783020401,20.85770783996582,8.106538772583008,177.0,-13.054834246806161,51001
0.294284269630909,-3.8503217357993127,0.001412055462045828,0.08308601893483489,21.186846909761428,8.646425247192383,178.0,7.570326112390926,52001
0.27767359572649003,-3.8521230515837668,3.4037814970361066e-05,0.08041541276284872,19.68088780236244,8.235238552093506,179.0,21.42572292224654,53001
0.27345604199171064,-4.212592240691185,-0.00030846378121350424,0.08107803960242377,20.27343303513527,8.068784236907959,180.0,8.56558237913005,54001
0.27355247950553896,-4.666538125306368,-0.0003042784761928488,0.08244409085037044,20.068224788188935,7.973388910293579,181.0,3.59440283863887,55001
0.2761149306446314,-4.877235442757606,-9.438339876214741e-05,0.08318233386953786,19.71281039738655,8.00241470336914,182.0,-8.387137713948867,56001
0.2731354249715805,-5.249527083992958,-0.00034475916130759286,0.08356955656842754,19.67453713941574,8.891869306564331,183.0,1.5904822771333191,57001
0.2741275293827057,-5.67878969091177,-0.0002650942388499971,0.08494172350967176,18.410684735298158,8.337055921554565,184.0,-22.510443244228057,58001
0.27250079540908334,-6.001091914713383,-0.00040909281227504834,0.0863639580600871,18.292727597475054,7.888736009597778,185.0,1.8164527526673488,59001
0.2705219601690769,-6.349266631901264,-0.0005923209196625976,0.08745879684122584,17.358749707698824,19.76769995689392,186.0,-8.153099098027944,60001
0.27018704302608965,-6.8840082028508185,-0.0006382202399981907,0.09013430591632533,17.35501069188118,8.114387273788452,187.0,-35.19722003443455,61001
0.2673469455242157,-7.187903401255608,-0.0009226836134039331,0.09276111797926956,20.13703364443779,8.063788890838623,188.0,-1.2527346794031315,62001
0.2805364702343941,-7.484333887934684,0.000309976948730764,0.09466235624460706,17.28158111691475,7.8994460105896,189.0,-5.741412879051561,63001
0.2779119212180376,-7.89428392124176,6.224370260315482e-05,0.09409731523151692,17.81816081547737,7.785515785217285,190.0,-5.430442940432728,64001
0.2762754105627537,-8.16452852511406,-9.143347603094298e-05,0.09351831197337468,17.250829533338546,8.433613300323486,191.0,-4.723816479888619,65001
0.2718190395832062,-8.612072325706482,-0.0005143835341004888,0.0943539775938966,16.986607432842256,8.217599391937256,192.0,0.596020127795585,66001
0.2712634378671646,-8.867817390441894,-0.0005777090557385236,0.0960413508526789,16.331335176467896,8.144641876220703,193.0,-59.381586025782916,67001
0.27759988291561605,-9.195409579992294,3.437510022195056e-05,0.09778075842570373,15.266761038541794,8.032774925231934,194.0,-9.849509241019287,68001
0.2792394849359989,-9.571403872728348,0.0001935158342093928,0.09706246299578644,17.422496525287627,8.345623016357422,195.0,-14.833440030098185,69001
0.28200127747654913,-9.817530388593674,0.00045633928418101276,0.09665468969113876,15.635331587553024,17.960875272750854,196.0,-44.44785177290897,70001
0.2778753325641155,-9.953871725797653,6.029408062750008e-05,0.09539390229355083,15.714861722946168,7.937106609344482,197.0,-56.75830169090639,71001
0.2770744511634111,-10.213056134462356,-1.668149711622391e-05,0.09553820543234608,14.790824766397476,7.998456716537476,198.0,-54.07822340837806,72001
0.2868870197981596,-10.553205428123475,0.000904624308750499,0.09404088563937656,14.95505692100525,8.087468385696411,199.0,6.103498978547602,73001
0.2844695056676865,-10.639389936447143,0.0006612597163330066,0.09164737891708462,15.433086718797684,8.167316675186157,200.0,-33.8194706343204,74001
0.2969352974444628,-10.831674083709716,0.0017345194735680707,0.08851781216225779,14.827163143873214,7.869178295135498,201.0,-29.435232385080052,75001
0.2923744010925293,-10.96872563266754,0.0012711063890601508,0.08423010177910677,13.438519432783126,8.115214347839355,202.0,-12.911666324850575,76001
0.3072506323456764,-11.095167956829071,0.0023840563896374077,0.0793599527121961,14.433716136217118,8.230347633361816,203.0,-1.825596571623412,77001
0.29796853329241274,-11.347910439014434,0.001551484644471202,0.07487097992304047,12.851304691553116,7.946590900421143,204.0,-0.43645105293754294,78001
0.30773657390475273,-11.139529200077057,0.0021527277193090413,0.07030806767360938,14.321417741775512,8.115414381027222,205.0,-53.48012369651626,79001
0.30479704298079013,-11.295709032535553,0.0018234867405699333,0.06632225756889336,14.447890345811844,19.678080320358276,206.0,10.53043988619173,80001
0.30371085223555566,-11.349823241710663,0.0016478470646834466,0.06238824345007375,13.426436575174332,8.26284146308899,207.0,6.983362135264249,81001
0.3055901441276073,-11.342140527248382,0.0016615860362362582,0.05841149753266987,13.499718403577804,7.861022233963013,208.0,-6.998646515936897,82001
0.3019760392457247,-11.323157490253449,0.0013654413693002425,0.05548927125496947,12.416946958065033,8.049883842468262,209.0,1.3859217949666265,83001
0.297456481590867,-11.402594931602478,0.0010580272796505597,0.05235055748590209,13.154647691965103,7.915580987930298,210.0,17.721328179066372,84001
0.29717088274657727,-11.369166066169738,0.0009922191322111757,0.049780222913978205,12.733785349607468,8.115310907363892,211.0,-39.20035860453063,85001
0.2975005993545055,-11.277442873954772,0.0009566094947222154,0.0469697503265682,13.586593447446823,8.086352348327637,212.0,-4.025500323928285,86001
0.29067403526604174,-11.297603434562683,0.0006058385521682795,0.04508191013845744,11.934275015354157,8.229204893112183,213.0,-3.4232485965200645,87001
0.2757041687071323,-11.334502318620682,-6.869135915621883e-05,0.04436024167162272,12.628530358076096,8.037149429321289,214.0,-32.44435703299449,88001
0.2766280355900526,-11.310285089015961,-2.787968631309923e-05,0.04447530939277852,13.755862883090973,8.058814525604248,215.0,1.4916523953902998,89001
0.2794623609930277,-11.197288083553314,9.808363683987409e-05,0.04454641350280433,12.90886981201172,17.848259687423706,216.0,-33.744720092297,90001
0.2715440210700035,-11.163157060146332,-0.00025513743353803875,0.044496987164050074,12.6299646692276,8.20265007019043,217.0,20.974325205860804,91001
0.26495942613482476,-11.2717634100914,-0.0005695976094721118,0.04623646543923967,10.964538551807404,7.911112546920776,218.0,-50.44002738743581,92001
0.2666705075353384,-11.09357290172577,-0.0005129835485786316,0.04869446057831672,11.673795695543289,8.157097578048706,219.0,-12.063490537106023,93001
0.2645382913053036,-11.158952262878419,-0.0006457981713101617,0.05062565449155807,12.846826293945313,7.89969801902771,220.0,7.024839461385719,94001
0.26106800593435764,-11.223001020908356,-0.0008697568443822092,0.05400749694710802,11.347085316896438,8.017890453338623,221.0,32.198983647445196,95001
0.2590688032507896,-11.133153116226197,-0.0010415265183401062,0.057040519960923027,12.008292418122291,8.1459059715271,222.0,102.74256875742849,96001
0.2651255608350038,-11.208907153129578,-0.0007321644302719505,0.06041290297812595,11.169073325872422,7.960866689682007,223.0,20.98598788627432,97001
0.2723003339320421,-11.27290934562683,-0.0003084274865250336,0.06219631287505095,10.498568914175033,7.987426280975342,224.0,2.458849113810315,98001
0.2651332230567932,-11.342565500259399,-0.0007804195320059079,0.06424876651219336,10.608666522026063,8.110479831695557,225.0,-15.151060916302853,99001
0.2766184579879046,-11.20019490480423,-4.191577805613633e-05,0.06601896302943441,10.805355526447297,18.90381360054016,226.0,-25.31858274496485,100001
0.2779472149908543,-11.232691818237305,4.627065015665721e-05,0.0664827682896827,11.548594262361526,8.022613763809204,227.0,11.886980682753727,101001
0.27721659100055696,-11.127705084323884,-2.348173067730386e-06,0.06567213207271111,10.630360272407533,8.123830080032349,228.0,-30.631990174000716,102001
0.2793592667132616,-11.156075891971588,0.00013851028267527,0.06616079859447091,9.986320466399192,8.15791916847229,229.0,6.840632984204361,103001
0.2864930597460194,-11.22835382838158,0.0006037533038909767,0.0650933478776135,10.165856531471205,1.2298614978790283,230.0,36.21654077035805,103158
0.281694519162178,-11.321675132751464,0.00028677460207109106,0.06417727736645681,9.678759511828423,7.7483696937561035,231.0,-40.66387615104765,104158
0.2849104866479178,-11.458757019642764,0.0004855687794765771,0.06339599160613672,9.183139772160247,5.344733953475952,232.0,179.85967575348093,104794
0.2823722251355648,-11.38913360977173,0.0003184753300593002,0.062289221352900055,9.789415489315987,8.335265636444092,233.0,-45.54405984443863,105794
0.28727420787145563,-11.282160385862573,0.0006137798746666787,0.061244582623889106,9.060368821218416,2.3972930908203125,234.0,223.21117991377633,106102
0.2863702245918261,-11.267643550626275,0.0005522071861829862,0.060622272406381024,10.98545272739566,2.279867172241211,235.0,226.71202591359355,106396
0.28932649007247996,-11.38817769166709,0.0007163729072857722,0.0595680179461358,10.824789999284757,5.849294185638428,236.0,106.1993164785117,107127
0.28812900867426033,-11.237248722712199,0.0006311390824989896,0.05812942226212816,8.964104666131915,2.6848063468933105,237.0,-31.964363401945505,107457
0.289825076889344,-11.212110193047279,0.0007101168696729168,0.056347271994908,9.284564731885895,7.722675085067749,238.0,-75.67697901007269,108414
0.28653070963919164,-11.137514234542847,0.0005043425362309791,0.05463018689084255,10.620187958836555,8.13393259048462,239.0,18.972273633966452,109414
0.28772451524796605,-11.046062770352178,0.00055191048831873,0.052754762425935214,9.301940504100319,15.222184658050537,240.0,148.19630105857493,110105
0.27852084290981294,-10.811550040721894,6.581375612586272e-05,0.05197498261989002,9.9985336278677,8.192242622375488,241.0,-14.081849387366901,111105
0.2701998277157545,-10.631715536117554,-0.0003696334670748911,0.05257368207889648,9.298320179581642,7.984349727630615,242.0,-4.910046564435241,112105
0.2798091015034014,-10.32584177377735,0.00013542243152222012,0.052347820299300366,8.846727787504227,7.6655592918396,243.0,-114.42886005249632,113052
0.26980565750598906,-9.990706434249878,-0.0003976161909740767,0.05348655993692438,8.840408076524735,8.118074417114258,244.0,-11.570554869889605,114052
0.2735928391964834,-9.838604843913448,-0.00019869260898844283,0.05421863793405045,8.603740560202413,2.231579065322876,245.0,-22.31071715519805,114333
0.26708350459543556,-9.827960228117613,-0.000562576123972856,0.055107018768715925,9.521726899565412,6.496954441070557,246.0,116.37139681441835,115165
0.26783657974004743,-9.470961668491363,-0.0005401849503905396,0.05745622206167621,7.26600426864624,8.285783529281616,247.0,-54.494765098254256,116165
0.2713820043951273,-9.22512310552597,-0.00034758666947163876,0.05887041991128586,8.853209061861039,8.260928869247437,248.0,16.18687449466196,117165
0.2648530240356922,-8.939945662498474,-0.0007625471288047266,0.06151314166673575,6.88661110663414,8.078539609909058,249.0,-0.8671676350756976,118165
0.26777672235667704,-8.846717828750611,-0.0006098131819235277,0.06420909064227145,7.143181949615479,8.242937088012695,250.0,-41.962601537451654,119165
0.25823205293397916,-8.823498689527147,-0.0012872476644748432,0.06762721114781661,6.818802162583317,6.819463014602661,251.0,141.9138918249611,119978
0.23683280289173125,-8.818075281778972,-0.002833280001456539,0.0701106481924612,6.160104258855184,8.223708391189575,252.0,117.16062199071854,120053
0.2543379246760198,-8.735806457805438,-0.0016786572865997653,0.07344760189893386,7.803605327983167,8.230361938476562,253.0,-147.7752062410164,121027
0.2557770582241612,-8.60313084742406,-0.0016671254613922772,0.07763217557702859,6.981170499033028,4.833887100219727,254.0,-86.74904181144449,121599
0.27218661330640315,-8.56775608587265,-0.0004046552454237826,0.0811051170053959,5.488104196608067,8.38056468963623,255.0,-21.5114808234102,122599
0.28750053886109084,-8.54086446762085,0.0008129573399045098,0.07953768170218897,5.530208715665698,7.249777317047119,256.0,156.02016920069983,123465
0.2785301838504215,-8.613650904116954,9.985819348508538e-05,0.07747301480796932,7.352896307250449,6.739445686340332,257.0,143.84902394130103,124246
0.3079399897903204,-8.621234422922134,0.002274776143756753,0.07452301933672877,6.862129612803459,8.678866147994995,258.0,47.825360054429176,125246
0.3241732595562935,-8.513150624275207,0.0031571004035213265,0.06740262130397534,6.946499378979206,8.207436084747314,259.0,78.83841273791717,126246
0.32287711641192435,-8.434724867820739,0.0028015747287281558,0.06129210989695559,8.082105683922768,8.229994058609009,260.0,-7.0193544376827735,127246
0.3187239289432764,-8.492725190162659,0.002348893152062374,0.05664868403651158,6.923909336388111,8.503499269485474,261.0,26.629499672522194,128246
0.31194015385210516,-8.476490760803223,0.0018296830315084663,0.052611225772288495,6.457640398561955,8.518405199050903,262.0,63.34827386189741,129246
0.31127526728082294,-8.38532516384913,0.0017210404052589597,0.05057376129181361,5.576905680589439,2.1869089603424072,263.0,22.343439067225944,129488
0.3057920388842413,-8.433749596277872,0.0014134400619401327,0.04958571351386497,6.451106869278939,3.564685344696045,264.0,214.51744335763868,129914
0.3067777780280716,-8.59488730046941,0.0014394730611854158,0.04876932766901877,5.83415435991068,12.322378635406494,265.0,83.38809544468408,130001
0.2954913232922554,-8.3807837600708,0.00086872817807307,0.047535908120169175,6.400242127418518,8.695669412612915,266.0,27.038092804937747,131001
0.2868368777632713,-8.364935360431671,0.0004407338920427719,0.04589401935341619,6.440502835512161,8.609870672225952,267.0,12.314572365730111,132001
0.27546613597869873,-8.134703782081605,-8.132851305708754e-05,0.04548398060884828,7.0787466908097265,8.223379611968994,268.0,25.028068772948195,133001
0.2720386667102575,-7.802398932933808,-0.0002403650838023168,0.046023535978629564,6.566848966240883,8.296143770217896,269.0,149.31048785873048,134001
0.25985961654782297,-7.688375618934631,-0.0008377076877150103,0.04778219184288264,6.464540510237217,8.415644884109497,270.0,24.520185615680816,135001
0.25173716358840464,-7.523989908218383,-0.0013274379270224017,0.05206310559467506,5.9755719269514085,8.556441068649292,271.0,9.49441214109956,136001
0.2584953968077898,-7.3339359626770015,-0.001052024048032763,0.05602258114391902,6.2857493963241575,8.49316143989563,272.0,-0.2658950901491578,137001
0.26763101939857004,-7.119150179624557,-0.000567623070863192,0.059014240797973586,6.361419312953949,8.165974378585815,273.0,-14.26466846862218,138001
0.27210826344612077,-6.877635704250786,-0.0003100964088335736,0.06019323420029155,6.702975044569631,2.2102134227752686,274.0,47.67830368311621,138255
0.27175465182960035,-6.842005239486694,-0.0003359972107282374,0.06104463586848281,5.3994882680773735,8.555052995681763,275.0,3.1518352001546788,139255
0.2616041571912119,-6.569050925464953,-0.0009759104531455659,0.06239118869240447,5.671444781149848,2.5899264812469482,276.0,240.76707232079977,139550
0.2771431110848873,-6.479531877585367,-7.1423023383126915e-06,0.06298431989373018,4.473972317913419,15.501018047332764,277.0,39.19624107676993,140001
0.27643543577194213,-6.538663242340088,-5.172728332399856e-05,0.06332653397723788,5.331482319951057,8.142786264419556,278.0,7.46501938389935,141001
0.27461527098715305,-6.431512419939041,-0.00016764579740993212,0.06380621514774813,5.893440316855908,8.426404476165771,279.0,-3.0212934817545922,142001
0.28117371821403503,-6.27087708902359,0.0002485862403118517,0.06329454977164291,5.466922982335091,8.221198797225952,280.0,-50.973164221596015,143001
0.2781869234442711,-6.124194632530212,5.848453009093646e-05,0.0628544707275804,4.706064508318901,8.349120855331421,281.0,13.442011240864343,144001
0.27377345487475396,-5.863732202529907,-0.0002197079503457644,0.06307562588234449,5.406612458169461,8.618713855743408,282.0,14.300380729450781,145001
0.27906484918296337,-5.612474682450294,0.00011481159543473041,0.06350124911998517,4.56668380266428,8.46395754814148,283.0,-17.48045165955526,146001
0.28191463005542755,-5.698418451547623,0.000291336611204315,0.062449192053338314,5.032712345659733,8.138250827789307,284.0,-22.766819987409743,147001
0.27576757399737833,-5.611775876283645,-9.235410280234646e-05,0.062188566891868816,5.481480390369892,8.489139080047607,285.0,-35.62994665650326,148001
0.2799536828249693,-5.59936864233017,0.00016714808881806674,0.062012737514249024,4.896752764046192,8.364952564239502,286.0,-47.0297161355144,149001
0.28060310147702694,-5.413131189227104,0.00020471167177311145,0.06116354978723676,4.997503744721413,18.5424222946167,287.0,-64.85371724336551,150001
0.27996599350869655,-5.375473042964935,0.0001636179250490386,0.06037620769117716,4.58287988871336,8.106040000915527,288.0,-55.992919993130975,151001
0.27676521737873555,-5.381750818490982,-2.944700302032288e-05,0.060074397241462206,4.229120013594628,8.288373947143555,289.0,-13.12121440270237,152001
0.27525437366962435,-5.3281964499950405,-0.00012084840616444125,0.06042413812607703,4.371468517303467,8.131216287612915,290.0,-30.478125985514215,153001
0.2731287882179022,-5.205077401638031,-0.0002524334318950423,0.06108933518795197,4.769903346419334,8.552462100982666,291.0,-44.893443667429985,154001
0.27736955323815343,-5.196036637425423,7.065611745929345e-06,0.06177536222264329,4.440024846494198,8.419202327728271,292.0,-35.763447061340216,155001
0.2804290049523115,-5.166951946437359,0.00019468194784712977,0.0615547093008488,4.676012034058571,8.386694431304932,293.0,-36.65303530845394,156001
0.2860010475516319,-5.118607751488685,0.0005235788827849319,0.05997526911886781,4.425554129064083,8.159159421920776,294.0,-19.861250863780263,157001
0.2848523747771978,-5.061566086649894,0.00044006933785567526,0.057870549373220656,3.7467014887332915,8.311156272888184,295.0,-1.9863399515087181,158001
0.2826591723561287,-5.037411267280579,0.00030496304480766414,0.056274769324703926,4.5702034209370614,8.250035524368286,296.0,16.10190583811009,159001
0.27962380468845366,-4.9449948823452,0.0001315360228254576,0.05546831205824514,4.6747469273805615,18.3892023563385,297.0,1.6341899022289328,160001
0.2778909053653479,-4.88752088868618,3.505587473046034e-05,0.05526720583948436,4.6199242767691615,8.643056392669678,298.0,-33.086104031158,161001
0.27843420921266077,-4.838560145258904,6.479293149459409e-05,0.05490795868108387,4.23392278945446,8.216115713119507,299.0,0.2683342760236884,162001
0.2769689243286848,-4.8408153079748155,-1.568920919089578e-05,0.05467889519854402,5.469397209584713,8.064545631408691,300.0,-15.778537536179236,163001
0.27987347622215747,-4.699058406591416,0.00014288548825425095,0.054597523320782715,4.876719926476478,8.465960502624512,301.0,1.7576491532763316,164001
0.2802950599491596,-4.637308631420136,0.00016391223898972384,0.0538810557521315,4.912578301787376,8.14064908027649,302.0,22.29307853105695,165001
0.2844319337159395,-4.5198742828369145,0.00037859720693086274,0.05282639263209605,4.472469975233078,8.311349153518677,303.0,-29.010899001380157,166001
0.2833081485182047,-4.3781562906503675,0.0003106403182973736,0.051382847021283616,4.656373482406139,8.335527420043945,304.0,-20.69742565834011,167001
0.2812298472225666,-4.274208151638508,0.00019989648916816805,0.050303877939235186,4.936704018294812,8.393417119979858,305.0,-18.738506528293236,168001
0.28210090348124506,-4.191519846558571,0.00023927329463913337,0.04951911070851314,4.459777470052242,8.46483588218689,306.0,-36.32444019252131,169001
0.28306122617423535,-4.06170770663023,0.000280566495275707,0.04836179913799483,4.872625024735927,19.699607133865356,307.0,-17.39111705952431,170001
0.2880617599338293,-3.9267643951773645,0.0005053025375673315,0.04670402614734777,4.472888915956021,8.564420700073242,308.0,-31.56855062246487,171001
0.2851366894543171,-3.851388302505016,0.00035524320136391907,0.04504524074652929,4.1485901008248325,8.457508563995361,309.0,-18.14260789501881,172001
0.28581712186336516,-3.505863771751523,0.00037343893163779287,0.043686531342497954,4.429290844857693,8.539073705673218,310.0,-73.90715198517141,173001
0.28280360107123853,-3.518452895119786,0.00023511929785308895,0.04231110358502262,4.590175519764423,8.299015760421753,311.0,-34.818913415200555,174001
0.2849337215274572,-3.407799798883498,0.0003166258827113779,0.04121543096211989,4.764729475200176,8.381948232650757,312.0,-15.97037634675663,175001
0.2791875782608986,-3.260097690999508,7.80902488695574e-05,0.04030770977026044,4.201494873344898,8.3208487033844,313.0,26.117944281463398,176001
0.27820865850150583,-2.9864324818849566,3.826642713102046e-05,0.04019830881955344,4.324279501199722,8.317365884780884,314.0,12.534374976387488,177001
0.2802117159217596,-2.7939677825421096,0.00011764946284529288,0.03974993434588656,4.307503716766834,8.432284116744995,315.0,-22.661868821188776,178001
0.27524424517154694,-2.603937141820788,-7.990223711385624e-05,0.03969975734762548,4.146074294626713,8.288305282592773,316.0,-51.50608697479689,179001
0.27674332343041896,-2.461360319033265,-2.0462232147110625e-05,0.039949960340255795,4.2343357772231105,18.750455141067505,317.0,11.030946887092462,180001
0.27565135522186757,-2.3769487939700484,-6.446120680629974e-05,0.040151352796721565,4.893385165810585,8.286134719848633,318.0,5.273954698737272,181001
0.2732680698633194,-2.290026763051748,-0.00016227980660914908,0.04078155865352356,4.894590343236923,8.067164897918701,319.0,-38.983998777912824,182001
0.2730381879657507,-2.1659704226106404,-0.00017496776305779349,0.04157171292550771,4.283061053037644,8.488152503967285,320.0,-8.175073272232469,183001
0.27295772859454154,-2.063894093476236,-0.0001819014273423818,0.04234785183886097,4.0697238039374355,8.332612991333008,321.0,-29.130001360564197,184001
0.2781175335794687,-1.8039881364703179,3.674996129848296e-05,0.04272158113101565,5.283344367265701,8.307994365692139,322.0,-9.685282942125129,185001
0.27675482572615145,-1.7552988480776548,-2.134853754978394e-05,0.04256807217204706,5.175066602826118,8.384297370910645,323.0,-13.518031065046646,186001
0.2814705751389265,-1.736707361906767,0.00017812094676628476,0.04246290079742848,4.183107274293899,8.474164485931396,324.0,13.78146667014987,187001
0.2817130293995142,-1.6080028554499148,0.00018463605739816558,0.04146877061151783,4.601400790274143,8.263773918151855,325.0,14.650927872091689,188001
0.2813865463882685,-1.4087797792479395,0.00016785683512716786,0.040638658674009516,5.179384167313576,8.318374872207642,326.0,27.02524714872086,189001
0.2828854692578316,-1.43789009077847,0.00022378300855052657,0.039810635975590446,5.295338223457336,18.734471082687378,327.0,26.64758115772237,190001
0.2823634828776121,-1.3699939862638713,0.00019831991713726893,0.03884166404037136,4.949080722808838,8.271726608276367,328.0,7.966157514116043,191001
0.28418877060711384,-1.3039868748635053,0.00026217696193634767,0.03786816328164993,4.7559361322522165,8.394821882247925,329.0,3.8879495786311766,192001
0.28272604043781757,-1.1925827362686396,0.00020145761439198395,0.03680051428836636,5.313512815237045,8.277452230453491,330.0,-4.124795536714135,193001
0.28993596686422823,-1.0232038155496122,0.0004496787595271599,0.035366520123994105,4.185522749245167,8.502349376678467,331.0,-17.629687246300318,194001
0.2860271044075489,-0.8298228999227285,0.0002977444509342604,0.034045067468075715,4.735740804851055,8.203509330749512,332.0,-48.68707173537512,195001
0.28963837085664274,-0.7373826410472393,0.0004029519550713303,0.032561934678260976,5.095937062978744,8.30321478843689,333.0,6.049097631069575,196001
0.2873561969548464,-0.5503278905898332,0.00031448160618310797,0.031253939972710885,4.2123410686254505,8.436135530471802,334.0,12.91382440054267,197001
0.2832680576741695,-0.3785020597353578,0.00018126596331057953,0.030090196331045673,4.427805772304535,8.20854139328003,335.0,-17.237178757824097,198001
0.28467053489387034,-0.2287764067426324,0.0002173398000159068,0.029337386553326607,5.1571239282488825,8.555139780044556,336.0,-12.44875387979599,199001
0.279801244109869,-0.18566000548005104,7.301172180086724e-05,0.028648011736949773,4.673221205055714,19.139333963394165,337.0,-0.2923745012713621,200001
0.27730664928257465,-0.09491957477480173,1.4364917842613067e-06,0.02848533844365771,4.382250076055526,8.434154987335205,338.0,13.74978953041317,201001
0.2810611641854048,0.024530354022979737,0.00010759073795634321,0.028212934997667853,4.398812654674053,8.518584728240967,339.0,-41.677504154911816,202001
0.27435518498718736,0.12671893687546254,-8.187936400645412e-05,0.028212031926507036,4.247721285939217,8.57236385345459,340.0,-42.68713807723417,203001
0.27775520070806725,0.3127333965781447,1.4220578049826617e-05,0.028396588609275793,4.709166868940576,3.306788206100464,341.0,219.38623357838964,203386
0.27518650647997855,0.2547606034576893,-5.9027042174420785e-05,0.028547918569093826,5.4060536958575245,8.157066822052002,342.0,8.250402926934987,204386
0.28163625809550286,0.4279509355798364,0.00012430196108834934,0.028339608609861157,4.393099823057652,8.31120753288269,343.0,36.620155032627174,205386
0.27758241692185404,0.47473288252949714,9.16568193497369e-06,0.028020877496557794,4.921478800415993,8.346700668334961,344.0,17.61696366856923,206386
0.2782724535316229,0.8420782777294517,2.8431872542569182e-05,0.02800068572831401,4.552305458664894,8.755680084228516,345.0,1.893198425429297,207386
0.27770291943848135,0.9561263040304184,1.2461254766094498e-05,0.027831638040803925,4.325464182376861,8.152515172958374,346.0,-28.03233584591832,208386
0.27797368697822095,1.1612999145314098,1.99327970003651e-05,0.027836491187687513,3.9319211434125902,8.352918148040771,347.0,-44.15543218796181,209386
0.2809884770129754,1.2006665317992853,0.00010298185097929129,0.027626982923994764,3.8763528693982257,15.175349473953247,348.0,46.6358039310212,210001
0.2781054743975401,1.3199073431789876,2.3248344914463813e-05,0.02741867639324757,3.1655981377065183,8.429968118667603,349.0,-26.41862286387251,211001
0.2795498705357313,1.3794721455723047,6.231072747323197e-05,0.027154588656809763,3.6863471665382384,8.323819398880005,350.0,-3.7660735555808103,212001
0.2790208526998758,1.440709167033434,4.746500570399803e-05,0.026856438107976496,3.3426730021834374,8.182443380355835,351.0,-37.56582234964978,213001
0.2762447751611471,1.4240775347650052,-2.716454814799363e-05,0.026795675082010095,4.04252147603035,8.645075798034668,352.0,12.64893635491799,214001
0.2755168346017599,1.6229072563648224,-4.703409269495751e-05,0.027107190539362485,3.7881427703499795,8.383551836013794,353.0,9.214376314814244,215001
0.28128446643054483,1.6806655620038509,0.00010830822672505746,0.02691507507049341,3.162689499437809,8.49396276473999,354.0,10.430718912411326,216001
0.2843060432970524,1.634022020019591,0.00018454576249132514,0.026165286986906393,3.085882902443409,8.698686838150024,355.0,92.37724716509767,217001
0.2866135433563994,1.4398427818704953,0.00023872935459044853,0.025545049418727178,4.168092564137702,3.5176444053649902,356.0,243.95100452754355,217422
0.28642274636142656,1.2570195675317972,0.00023019163336071447,0.025092070779776692,4.495138578632343,2.7273943424224854,357.0,-2.070325755048671,217740
0.28888151930272576,1.2205105409547687,0.00028261355435279254,0.02425836560477008,4.277477910816669,8.452157497406006,358.0,74.94992117715962,218740
0.28948589856922624,1.2824572710990905,0.0002822768631231156,0.02309420010239334,4.291616986811161,8.405797719955444,359.0,-18.3107381417846,219740
0.28644602645859407,1.206166607210006,0.00020549620659314935,0.022376864111428266,4.419397896505407,11.527085542678833,360.0,133.04824843787003,220001
0.28719785843789575,1.2574491030871868,0.00021645037182861415,0.021794011537642093,3.6317746714949606,8.499349117279053,361.0,-24.3394724371145,221001
0.28416402915776784,1.2605192514378472,0.00014636968654038786,0.021221108140520036,3.994692196448644,3.1669657230377197,362.0,204.27788783431293,221355
0.2855162551951787,1.1737627391304288,0.0001730797617046702,0.02095186043671733,3.9463595399780877,2.5340442657470703,363.0,200.3506000846283,221670
0.2839523427337408,1.0487350466921925,0.00013746540286228991,0.020448286000490395,4.6352593172192575,8.618478536605835,364.0,114.03283032871133,222670
0.27381749924991217,0.8347923666434852,-6.981435717534623e-05,0.020301814522596644,5.018930811631052,3.9957964420318604,365.0,208.02165610026248,223126
0.273522048699322,0.777762770408125,-7.63280244970715e-05,0.020431883002022956,4.623244132479625,2.97599720954895,366.0,193.11196764359516,223461
0.2783080533457299,0.7332106822998159,2.1518572212799983e-05,0.020508392238874656,3.560790563830071,2.490889310836792,367.0,194.93036621298114,223749
0.2764401924279001,0.5789227320575246,-1.6739906986081193e-05,0.020476992637294435,3.617323790110794,2.552478790283203,368.0,194.515763087982,224055
0.27452563786462986,0.5196840340619558,-5.6171419031330855e-05,0.020593436491796506,3.535400082886001,4.533577919006348,369.0,261.6176191841696,224601
0.27099072518727635,0.5351212234883909,-0.0001300012906919818,0.02074458751445384,3.840624466735796,2.695756196975708,370.0,224.91239391284702,224903
0.26640026102960107,0.32281496664881704,-0.00023285812150061248,0.021354860365701295,3.9533925950229167,8.759674072265625,371.0,124.11033003264683,225903
0.2686425162553787,0.15132469582557678,-0.0001943404801277211,0.022491720560484776,4.1561028437614445,8.678307056427002,372.0,92.76797584265563,226903
0.259260871480493,-0.06141868379770541,-0.0004194547861070354,0.023339909520200906,4.2733041561117355,2.1625008583068848,373.0,32.566801205901726,227158
0.25909963096418076,-0.3226699860736964,-0.0004325659080952016,0.02381561611037614,4.087954838597585,2.2004549503326416,374.0,-14.422907213829944,227410
0.2614090543091297,-0.4002758772820234,-0.00039570850677409907,0.024924907882423627,4.495745762467385,8.427399635314941,375.0,148.25452168242745,228410
0.26184387849271296,-0.6964674917906523,-0.0004121895172793302,0.026877253458151132,3.9620598619580267,8.293590784072876,376.0,163.9824812575642,229410
0.2641352058685932,-0.7348410500424731,-0.000366853868587155,0.027952643567916966,3.800567542769245,3.295139789581299,377.0,253.68675227736213,229798
0.2644475498076143,-0.4914146302809269,-0.0003644370732629979,0.028446031213378353,3.8044861449396667,9.259708881378174,378.0,187.59895670030443,230001
0.2506940100680698,-0.7092830285720237,-0.0007737383418564357,0.029048161920579227,5.743179024039925,2.6121010780334473,379.0,265.51748533851674,230309
0.2618296086937189,-0.9707072355747223,-0.00047189681531017416,0.03073505672167099,4.838453055649996,8.496043920516968,380.0,86.54189220797824,231309
0.2708241716730145,-1.1224167723700684,-0.00020381863778997936,0.03171000499280378,3.5768026973841325,1.819532871246338,381.0,285.14173122618587,231521
0.2644234980195761,-1.2407075105309486,-0.0004195711925167416,0.03275873515411422,4.645198274612427,8.737491130828857,382.0,110.12919979971778,232521
0.2657891830652952,-1.4737156392931938,-0.00039610797749628545,0.034528593124975575,4.201146484076977,7.99380898475647,383.0,82.68806134990625,233521
0.26641311694681646,-1.6081215138584375,-0.00039483316730547815,0.03626192908024388,4.256717308580876,8.618066549301147,384.0,91.3015756390911,234521
0.2681266699487773,-1.7063185062904198,-0.0003444275906846227,0.037691811219259894,3.1965946623912225,3.5158042907714844,385.0,237.0245683588143,234937
0.270253512605622,-1.8026272595633526,-0.00026803192240304024,0.0383231399506691,3.3292029763798454,2.4613664150238037,386.0,268.44329512334514,235233
0.27311256669461725,-1.847123541817069,-0.0001611764328481513,0.03894519333972344,4.651280204713345,8.373844146728516,387.0,-14.329413105672925,236233
0.2791487481255224,-1.763804139630576,7.405419709401665e-05,0.039347050669792404,4.283918953765424,7.382812976837158,388.0,-87.08232864137683,237116
0.27879419462382793,-1.6995634174495935,5.9703921662730863e-05,0.03877719798674648,5.0436804038286205,8.591156244277954,389.0,47.00447539811493,238116
0.27805053773853516,-1.6304409038045524,3.068009353250719e-05,0.038690223118877924,5.2574095087654795,2.6029510498046875,390.0,221.82087631475994,238440
0.2807286318800759,-1.899458508136099,0.00013330076711043747,0.03849619997973424,4.442424926029973,5.632828950881958,391.0,237.613634764616,239141
0.28613792191757714,-1.8121173193115134,0.0003328061566504022,0.03747632381986702,5.012431956307832,16.01669669151306,392.0,2.320866699267259,240001
0.27963029050827026,-1.6269991434961557,8.690984219356324e-05,0.036509800612096216,4.604057663023472,8.30560827255249,393.0,-24.26263837510886,241001
0.2768774074547499,-1.5371242180394316,-1.3824503061257629e-05,0.036396797888643084,5.1657823273568475,3.5093300342559814,394.0,-17.636042087009628,241413
0.2852130652706426,-1.5410492869472145,0.0002882673351881462,0.036262818878533436,4.397854832330144,2.3020265102386475,395.0,-32.99098994173852,241679
0.2816789542343102,-1.668719748772827,0.00015849767001140314,0.035869427250998516,5.821915880020927,4.177464723587036,396.0,229.55546987263406,242189
0.2875075099915266,-1.6549258341789246,0.00035688168877823044,0.03491477395958604,6.242800959050656,8.581130743026733,397.0,-32.38998280744551,243189
0.2860099330082145,-1.5383583120557176,0.00029545253764939113,0.033718183666010225,7.124886742212892,3.5331404209136963,398.0,276.50022903451935,243608
0.28464590258694983,-1.5372066918257121,0.0002460371987655054,0.0332852611002312,6.041322437331483,3.2200047969818115,399.0,255.37104193004373,243978
0.2809531449578529,-1.6992323345124127,0.00012199978189292655,0.032972375486460495,6.954783854294457,2.591522216796875,400.0,271.5253487000126,244279
0.2839761991249888,-1.7725900464152036,0.00022005103269054273,0.03276526236922941,7.259167844370792,3.260159730911255,401.0,172.34157969105695,244659
0.28504359027407816,-1.9096656622476136,0.000250288811280039,0.03224949653634014,6.179607791695374,6.429579734802246,402.0,189.0478650070126,245414
0.2884781825947077,-1.666991613785841,0.0003527172034849199,0.03141306001488093,5.470563682812624,3.4500913619995117,403.0,160.5920953394102,245797
0.2912847808862137,-1.912194401631921,0.0004331966917823716,0.030818054460274278,6.8476148801334835,2.3792917728424072,404.0,-43.510145530871824,246092
0.28509344043056595,-2.0114354532892986,0.00023881300135747627,0.030430554167477364,8.038237692634691,2.4081549644470215,405.0,-58.133496985385236,246371
0.2903100368616668,-2.1070591457331718,0.0003911085318275668,0.029913237540008568,7.769426605175599,4.047077417373657,406.0,175.59239145872624,246838
0.28649723882372286,-2.081147570527725,0.0002690561537357185,0.029232200304765615,7.374893502477722,7.3083765506744385,407.0,214.82863034657373,247696
0.2849127969145775,-2.0710534030944108,0.00021578128780674888,0.028078210458919343,8.00546571356058,8.192620277404785,408.0,82.92526164347935,248696
0.27959787921614404,-2.1828913844810938,6.466390608963369e-05,0.027645751491568622,7.544003306529621,5.413394927978516,409.0,182.31315518698003,249343
0.27931304278969765,-2.3268831691741942,5.645084453863092e-05,0.02740472443017669,8.537307286381722,4.097755432128906,410.0,175.01262374283533,249843
0.2758679129592665,-2.3234646483273296,-3.8086214352425974e-05,0.027430207372115947,6.187649517923921,9.035367488861084,411.0,164.21194383251205,250025
0.27939103563451556,-2.3669271590229175,5.837829203181028e-05,0.02739562616816572,8.043985829479368,4.033113718032837,412.0,199.16646044939665,250479
0.2785231974095758,-2.501813422356333,3.4474266082714546e-05,0.02715682420905455,7.404798373906002,6.74678635597229,413.0,231.97129866803922,251256
0.2727658311868536,-2.565244521373492,-0.00012240458948278236,0.027262778956916665,7.745906806664781,2.651132106781006,414.0,-64.15315288829842,251575
0.267655639440778,-2.6611114339759037,-0.00026802362923775597,0.027827598040079192,8.294166332121836,7.0675952434539795,415.0,234.86207467398802,252416
0.2677946523098009,-2.672245654876211,-0.000272334995624338,0.028822134988890278,7.559470822635506,3.8729374408721924,416.0,203.587740180776,252864
0.2688782388865948,-3.021624125391245,-0.0002489438949887699,0.02966674458405792,7.62148641782999,8.390399694442749,417.0,166.69055712861473,253864
0.2727774253618359,-3.1407425106260023,-0.00013662798269997313,0.030496154587113786,7.504484295363239,3.4625446796417236,418.0,202.39417582042165,254297
0.26470356322824956,-3.2764466368854044,-0.00039727659016352846,0.031559409326250114,8.000379436671734,8.213623046875,419.0,86.6889257172165,255297
0.26483655336512824,-3.391811469714391,-0.0004110615970507731,0.03302733371014246,9.138434613676376,3.875046968460083,420.0,187.67872223870006,255735
0.2621357625230354,-3.5703417249754366,-0.0005203118410410004,0.03435497514550995,9.205398605818175,6.034773588180542,421.0,220.78743233892502,256449
0.26743420054018496,-3.7226143206059934,-0.00035457045257498976,0.036260656357666746,8.312145795583724,8.49190640449524,422.0,87.285058961035,257449
0.2732784606605059,-3.899014743843249,-0.00014744696578158515,0.036988379565213274,9.300422389947233,2.764829158782959,423.0,-26.12808742817549,257785
0.27258017879537205,-4.00426554845133,-0.0001750377514814358,0.03747958314953362,7.496082432168689,4.5935163497924805,424.0,266.01398125262364,258326
0.27257781685068366,-4.281686845837971,-0.0001775746274030174,0.03789930767453889,8.972777555306497,5.138626337051392,425.0,195.81857516771208,258949
0.2717722440960868,-4.22490613294103,-0.0002110260928602309,0.03843982963354458,6.616953417623242,3.495992422103882,426.0,-48.90699814468718,259368
0.26943502643419753,-4.4281697596258125,-0.00030596815795398485,0.03906158073271486,10.460309488034389,4.365761995315552,427.0,193.2370809065161,259881
0.271281461045146,-4.490129158894221,-0.0002366754266404314,0.0395803251000194,9.24156330426534,8.120748281478882,428.0,174.23753154062973,260001
0.2722674207823021,-4.6322327100995855,-0.00019906300138492348,0.03984869646247161,8.64753924509107,4.031599283218384,429.0,159.20860069103847,260458
0.2747828395404141,-4.843762406197419,-9.968215192545549e-05,0.040308470352713545,9.15413043986135,4.361223936080933,430.0,183.44544237711386,260967
0.26863596609945023,-4.938841689668413,-0.00035188208791577175,0.04085238213624902,9.583038428312951,3.9098961353302,431.0,171.61934526207068,261416
0.2719402133541949,-5.284587274309737,-0.00022188626182749151,0.04204934320421566,8.870020843199475,7.605278968811035,432.0,169.43628527930795,262300
0.27363517677451804,-5.56430151366597,-0.00015443345530980274,0.04252957149017172,9.26573157685706,8.399152517318726,433.0,211.71254352671735,263269
0.27300567242503165,-5.853234141588211,-0.00018477124513447053,0.04383433392120982,10.897857412278652,8.51842474937439,434.0,95.08146574178795,264269
0.28470426616145345,-6.135704173111334,0.00032389511471866,0.04354359388267988,9.706314488930431,5.059637784957886,435.0,230.28402953310197,264884
0.2816970140604771,-6.33919843161823,0.00019011108179053994,0.04283938790509315,10.375550542748584,3.9142465591430664,436.0,199.90262867547736,265333
0.2777533147661459,-6.344385543323699,2.1113237571192993e-05,0.04253196820625566,11.327491937790597,3.479870080947876,437.0,186.6658641993066,265753
0.2806940919173689,-6.534184545278549,0.00014508008560934002,0.042231591818675966,10.838094639495528,7.7916505336761475,438.0,218.0471741839317,266681
0.2774682609911483,-6.813455552520493,8.813837541746377e-06,0.04187510158539832,9.528430128846388,4.831651210784912,439.0,259.9300012947182,267270
0.27631863546639013,-7.037360440465875,-3.933367236157963e-05,0.0418608405674828,10.05100141632884,6.967286109924316,440.0,183.63089227485847,268072
0.26784596130136373,-7.23342859236769,-0.00039995761516922724,0.04256242698329228,10.927886681501256,4.809406280517578,441.0,246.25338507512973,268588
0.27163814855739477,-7.505786388615767,-0.00024331266085937387,0.043236314612014666,9.766160814960797,4.171224117279053,442.0,222.3324577956077,269068
0.27795544247498216,-7.458699720422017,3.0448717618278305e-05,0.043535381609550554,11.03512316911491,3.280900478363037,443.0,209.96616732891226,269456
0.27783330100495557,-7.665361283995712,2.506990360912664e-05,0.043449304215874555,10.1728715798277,4.119605541229248,444.0,204.19901142599247,269947
0.26540394762048014,-7.881771564483643,-0.0005160705876295213,0.043518199726187076,8.558678068496564,7.180654525756836,445.0,29.97217362278743,270001
0.26495334157385886,-7.987423586030292,-0.0005519050582034441,0.044600754940501836,10.703205606621555,7.882091045379639,446.0,215.74921442908368,270937
0.2680574007982376,-8.344333088637999,-0.0004322522866396547,0.04715819847660687,10.587743506002212,7.648792505264282,447.0,255.44264784356932,271831
0.26806666972625315,-8.458763215079236,-0.00044407833514408445,0.04826852284180443,12.42585164827494,3.5032131671905518,448.0,257.31798518678033,272233
0.2674852276427878,-8.722479528850979,-0.0004811129427219351,0.04920915751831649,11.658197583147773,3.626023530960083,449.0,207.64551079349053,272665
0.2701614262821438,-8.97601637002584,-0.00035535007035677,0.05037711571771295,11.441210985452205,3.6052310466766357,450.0,251.8091037441607,273109
0.27842020229259623,-9.066592326647118,5.869958138508174e-05,0.05051658244204235,10.579438425128973,2.7124648094177246,451.0,239.33333972140096,273425
0.27170215497176614,-9.257098316575922,-0.00028141253480507266,0.05065663576771677,12.215201499502054,3.3229196071624756,452.0,291.8287168555188,273843
0.2752249831558806,-9.459516310753123,-0.00010373472623237658,0.051114301268499814,11.143964947342566,3.381650686264038,453.0,208.58251100113142,274232
0.2775364862311454,-9.558151486058714,1.4354474553819894e-05,0.05108334290053134,10.244205318903797,3.2333974838256836,454.0,198.72845578372522,274610
0.26869748925377507,-9.721132628218143,-0.00044050316856027313,0.05162680962853899,12.361280359550864,2.692662477493286,455.0,264.7850983953375,274944
0.27047902814605657,-9.951801096691804,-0.000353279734875233,0.05210383214442452,12.195362338599036,2.8359766006469727,456.0,210.84999611812083,275284
0.2667775644436895,-9.956644768155487,-0.0005540309145681784,0.053021752444897624,11.544558047748811,3.1290245056152344,457.0,272.51278642202965,275642
0.26919453431665896,-10.246883521556855,-0.0004376628974059713,0.055044326673359366,12.270317400336266,8.603001117706299,458.0,83.43560211752583,276642
0.284419973240924,-10.532779457655595,0.00039389615376610214,0.055014181871724716,10.6609079493451,3.2741312980651855,459.0,211.81117421625947,277028
0.28417906133126625,-10.800497841981292,0.000376490184126109,0.05421472408491942,12.674172190800766,2.7280466556549072,460.0,233.28675863506368,277354
0.27287677444960223,-11.038653186052153,-0.00023844222721548943,0.05464532371711995,11.948575587629682,6.900491952896118,461.0,290.332628520301,278162
0.26217832116455564,-11.190369812453666,-0.0008414912429624956,0.05585589708988171,11.949100343313644,4.163025856018066,462.0,280.73056732796704,278654
0.2713590675741434,-11.560645627975465,-0.00033843642981082664,0.05816475155360329,11.319413118422032,8.385379552841187,463.0,166.15113563031855,279654
0.26914516107369496,-11.894430252813525,-0.0004747479683682022,0.05872498719803834,11.597064170305448,7.996000528335571,464.0,209.51899798959835,280026
0.2703269176918608,-12.014398036225472,-0.00041053611047398855,0.05914896113220542,12.134501255855659,3.2383036613464355,465.0,237.44208337882992,280412
0.2728774044379637,-12.297436815627078,-0.00026159904271171015,0.059790858426873296,13.531703082442647,2.80517840385437,466.0,235.65303907630098,280741
0.26779380098444405,-12.269317757849599,-0.000571266623443457,0.060450132533910676,12.035906448417684,3.1345794200897217,467.0,212.08294520674542,281098
0.2579057654537306,-12.476633835423943,-0.0011931927994313575,0.061645682541592306,14.134588189103122,2.860062837600708,468.0,258.4299331181057,281424
0.26009285126517456,-12.840721195500072,-0.001087287921499654,0.06378132664857518,12.838722598261949,3.4606473445892334,469.0,231.63163741003478,281834
0.277575169841564,-12.959964774375738,2.0960040274076164e-05,0.06434999180874242,11.044074930943722,2.861145257949829,470.0,284.89858282508146,282178
0.28068387253882143,-12.97915662024632,0.00022044764809533646,0.06370862340768121,14.197219457672318,2.988760471343994,471.0,237.5867735748507,282541
0.28083099455044075,-13.382785200428318,0.0002278234229428612,0.06413159105337625,12.625796046289238,6.353072166442871,472.0,187.24792276284288,283281
0.2655610186979175,-13.550979053974151,-0.0007447940765359818,0.06357942569397161,11.941284626349807,2.78548526763916,473.0,222.67440566451864,283601
0.26745535249579444,-13.931377580721085,-0.0006336109764947339,0.06468288211805209,12.733409151149123,3.0313334465026855,474.0,234.18992859771927,283966
0.29154098830507985,-13.944981952883163,0.0009229482249862005,0.06442872200314817,13.583436128103509,2.728802442550659,475.0,301.17936266570655,284284
0.27902248655624445,-14.152902265565585,0.00011293912056770318,0.06380313838279841,14.209838922044872,2.8496062755584717,476.0,216.5185600543163,284623
0.2803932210712722,-14.422352854410807,0.0002014981290840572,0.06431336709520277,11.792125779570956,2.587021589279175,477.0,215.818712085919,284953
0.29333419985620374,-14.409795358956579,0.0010140391287754335,0.06292347216098382,14.890170430203518,2.894951343536377,478.0,226.42247975487714,285285
0.276265204168124,-14.782994741649297,-6.159615033034321e-05,0.0622055758808169,13.723344964099068,2.980189085006714,479.0,227.33829941896576,285631
0.28707338200779414,-14.859256278811477,0.0006103904221292152,0.06231894154960261,12.274933829551607,3.2216334342956543,480.0,225.28855702836364,286012
0.2904800370616733,-15.058086050381451,0.0008102538207216033,0.061231171828931924,13.386668454738533,2.718214750289917,481.0,250.3825296054135,286330
0.27799947579205037,-15.538208407402038,4.543486121110618e-05,0.06077845610872288,12.973558389663696,8.383689880371094,482.0,105.01873879251276,287330
0.2783839158157804,-15.76956584133319,6.840634798290514e-05,0.060484755232111914,12.12369313151089,2.90962290763855,483.0,239.07844033817668,287665
0.2705949229767194,-16.135611598556107,-0.00040463218551480706,0.06062267673490054,13.053773916049584,2.481182336807251,484.0,276.1973192668312,287961
0.2798884134624422,-16.25823405845878,0.00016044399135634448,0.06087583674540102,11.508065141660651,3.3043861389160156,485.0,250.24109211663645,288349
0.26568044802546503,-16.679553641319274,-0.0007188590769583243,0.06289347155550493,13.843878343462944,8.235080242156982,486.0,-12.565482891853275,289349
0.2622915755709012,-17.042572876612347,-0.0009595790756187246,0.06421930329267121,16.91733318308989,2.5613367557525635,487.0,251.16934681554932,289649
0.23477724620915322,-17.280638594225227,-0.002816146705562602,0.06622351088779464,17.13528557570584,2.821749448776245,488.0,289.8548182940217,289981
0.2523146339609653,-17.357344023789032,-0.0016988148099353797,0.06814803784546007,17.160488793367072,6.727338790893555,489.0,113.4917976704129,290060
0.26779829166861024,-17.50586780717101,-0.0006515202339063694,0.06867651074750243,15.418127159654842,3.9062013626098633,490.0,188.4414154857758,290534
0.2612783196306384,-17.797357919550098,-0.0011184630362929,0.06992813457297908,14.747675553401052,2.618528366088867,491.0,255.46753305734464,290841
0.28570896410942076,-18.007221750895184,0.0005949054058485975,0.07033577187485797,12.730366773605347,3.2703444957733154,492.0,270.3352318284491,291216
0.25802429010822076,-18.29067093153092,-0.0013578263977228086,0.07058573918704024,16.84321685063494,2.6627418994903564,493.0,269.6608630401941,291527
0.2774789502620697,-18.732608392715456,1.667662629915867e-05,0.07158525901348826,15.32962356543541,8.28935432434082,494.0,128.5745902912211,292527
0.29169882467022173,-19.08882245358762,0.0010230035596515274,0.07077403912967394,13.040890569801444,2.8577020168304443,495.0,249.0483136575983,292860
0.30252189613902997,-19.265127281412628,0.0017526252692232002,0.06961417806356654,13.887838144449924,2.668748140335083,496.0,194.81958030417377,293167
0.30333092449298454,-19.532815866134875,0.001759886464457105,0.06737601653266537,15.628345002780607,3.443479299545288,497.0,246.25912559956086,293565
0.3000082156129639,-19.615305996249795,0.0014976118621331622,0.06587352982250215,11.453790834227812,2.6346075534820557,498.0,232.70721467912668,293874
0.2913407258667932,-19.92202522431739,0.0009117688097479761,0.06457854500722766,14.000584777562693,3.003206968307495,499.0,226.94351454344775,294221
0.2808080157172244,-20.021705950613434,0.0002282578425123774,0.06401662078454776,16.370668633237628,2.6340909004211426,500.0,241.14235646260747,294522
0.2719302352736978,-20.464631756761865,-0.00034191748995950945,0.06432874131421275,14.686974581919218,2.656886100769043,501.0,223.9169719053292,294845
0.2919060925479795,-20.603624844160237,0.0009369927517626984,0.06379276244906765,14.967735770295878,2.6391093730926514,502.0,218.0634670937476,295150
0.28852495474542084,-20.723252341681317,0.0007093169396223681,0.06287123351413862,13.983071688489009,4.243318557739258,503.0,243.71576041880067,295656
0.29430933694541456,-21.232783092498778,0.0010365789941861295,0.060682415575041296,14.1879878590703,8.46893835067749,504.0,132.74856650506248,296656
0.28488141501822123,-21.744759969013494,0.00044960038500082704,0.05885029571857479,14.131648990584583,3.511530637741089,505.0,245.56281158558497,297066
0.28672535036500607,-21.971731153108564,0.0005518838870356258,0.058380001147592786,14.264830499374895,3.3385088443756104,506.0,261.22282810148704,297473
0.2927743368101924,-22.15950480471836,0.0008899072251214614,0.05735018666400148,13.908666186285823,3.0753982067108154,507.0,276.25738523324316,297829
0.2792525290982959,-22.541261154928325,0.00011342569102711378,0.056470124206074626,14.744309744349232,2.7094457149505615,508.0,276.3500548063021,298153
0.2828112007433195,-22.722532701645633,0.0003142557911946546,0.05654703975205438,16.496565308218216,2.604494094848633,509.0,246.5595938683037,298464
0.285216499480509,-22.798281398896247,0.000446572281667144,0.055854690478527196,14.821557850222433,2.6409828662872314,510.0,238.55140219617758,298774
0.26622112195046854,-22.929726473042663,-0.0006190084756051131,0.05611362447636373,14.782137748221276,2.3370211124420166,511.0,252.11905782074518,299058
0.26226598968922765,-23.04951585967684,-0.0008547716859369945,0.05704627770265145,15.852485580196797,3.0819754600524902,512.0,263.9855536578408,299424
0.2699073418469093,-23.416837771941104,-0.0004260236812362146,0.057892258088851484,15.338693474976264,3.40567946434021,513.0,280.02729636345885,299807
