wall_time,step,reward
1777914712.5764117,0,1.0
1777914712.5996258,136,2.0
1777914712.6173782,241,3.0
1777914712.6329892,330,4.0
1777914712.6579943,482,5.0
1777914712.6746264,573,6.0
1777914712.690645,666,7.0
1777914712.723569,806,8.0
1777914712.7528677,939,9.0
1777914712.7786155,1086,10.0
1777914712.7963462,1186,11.0
1777914712.8110974,1264,12.0
1777914712.8341913,1398,13.0
1777914712.8559568,1523,14.0
1777914712.8797643,1663,15.0
1777914712.8945367,1744,16.0
1777914712.9257498,1929,17.0
1777914712.9437447,2030,18.0
1777914712.9630356,2142,19.0
1777914712.9849534,2272,20.0
1777914713.0073504,2393,21.0
1777914713.02396,2481,22.0
1777914713.0512867,2639,23.0
1777914713.0669036,2728,24.0
1777914713.083097,2822,25.0
1777914713.1016645,2926,26.0
1777914713.1154354,2998,27.0
1777914713.1494527,3192,28.0
1777914713.162649,3265,29.0
1777914713.1785495,3354,30.0
1777914713.195497,3448,31.0
1777914713.2182982,3579,32.0
1777914713.2335887,3667,33.0
1777914713.252597,3779,34.0
1777914713.2705398,3885,35.0
1777914713.2888136,3992,36.0
1777914713.3060327,4090,37.0
1777914713.324126,4197,38.0
1777914713.3373692,4271,39.0
1777914713.3552916,4371,40.0
1777914713.377908,4501,41.0
1777914713.3938487,4591,42.0
1777914713.4126313,4697,43.0
1777914713.4262886,4769,44.0
1777914713.448057,4887,45.0
1777914713.4661489,4986,46.0
1777914713.481058,5070,47.0
1777914713.5015478,5188,48.0
1777914713.5247586,5327,49.0
1777914713.5463285,5452,50.0
1777914713.5629425,5544,51.0
1777914713.5798776,5635,52.0
1777914713.6020043,5764,53.0
1777914713.619655,5866,54.0
1777914713.646305,6024,55.0
1777914713.663829,6120,56.0
1777914713.683619,6236,57.0
1777914713.7062948,6370,58.0
1777914713.726495,6483,59.0
1777914713.7446477,6586,60.0
1777914713.766502,6717,61.0
1777914713.7830265,6810,62.0
1777914713.8010502,6913,63.0
1777914713.816418,6996,64.0
1777914713.8337545,7095,65.0
1777914713.850542,7189,66.0
1777914713.8665292,7285,67.0
1777914713.8812306,7370,68.0
1777914713.9032202,7502,69.0
1777914713.9172792,7582,70.0
1777914713.9307992,7660,71.0
1777914713.9422324,7726,72.0
1777914713.9724529,7912,73.0
1777914713.990172,8016,74.0
1777914714.0034692,8093,75.0
1777914714.022059,8188,76.0
1777914714.0468543,8330,77.0
1777914714.0644684,8425,78.0
1777914714.0791464,8503,79.0
1777914714.1005118,8625,80.0
1777914714.1245098,8761,81.0
1777914714.1426282,8863,82.0
1777914714.1615345,8967,83.0
1777914714.1846955,9093,84.0
1777914714.204703,9207,85.0
1777914714.222543,9309,86.0
1777914714.241705,9418,87.0
1777914714.2594633,9518,88.0
1777914714.2839336,9662,89.0
1777914714.30108,9758,90.0
1777914714.3182802,9856,91.0
1777914714.3412402,9992,92.0
1777914716.1471925,10087,93.0
1777914721.0300333,10535,94.0
1777914731.872978,11535,95.0
1777914741.0584238,12380,96.0
1777914751.9121873,13380,97.0
1777914762.7862709,14380,98.0
1777914773.7528222,15380,99.0
1777914784.675304,16380,100.0
1777914795.5315363,17380,101.0
1777914806.451565,18380,102.0
1777914817.34125,19380,103.0
1777914820.5873892,19674,104.0
1777914829.1616926,20416,105.0
1777914835.0038264,20952,106.0
1777914840.9939587,21498,107.0
1777914845.492528,21908,108.0
1777914850.0691025,22329,109.0
1777914855.2307925,22803,110.0
1777914866.1112547,23803,111.0
1777914877.0395918,24803,112.0
1777914886.1828887,25630,113.0
1777914891.867601,26144,114.0
1777914900.5410404,26934,115.0
1777914911.5240717,27934,116.0
1777914922.4777203,28934,117.0
1777914927.1729984,29362,118.0
1777914936.7714217,30200,119.0
1777914940.998953,30583,120.0
1777914947.4192338,31167,121.0
1777914958.382582,32167,122.0
1777914967.565089,32991,123.0
1777914977.8926566,33918,124.0
1777914986.671985,34704,125.0
1777914993.0751395,35285,126.0
1777914997.9941502,35732,127.0
1777915009.0418499,36732,128.0
1777915020.0418706,37732,129.0
1777915031.083167,38732,130.0
1777915042.2918828,39732,131.0
1777915053.7306392,40732,132.0
1777915064.7289045,41732,133.0
1777915072.5252256,42440,134.0
1777915083.5073385,43440,135.0
1777915094.5320475,44440,136.0
1777915100.2828517,44966,137.0
1777915109.3914273,45794,138.0
1777915120.317623,46794,139.0
1777915127.311154,47430,140.0
1777915138.2799683,48430,141.0
1777915149.303045,49430,142.0
1777915160.8316429,50430,143.0
1777915172.1437888,51430,144.0
1777915177.6646032,51925,145.0
1777915186.644162,52730,146.0
1777915197.6920898,53730,147.0
1777915203.8177555,54282,148.0
1777915208.6905015,54718,149.0
1777915218.6826692,55611,150.0
1777915229.914408,56611,151.0
1777915233.3542402,56921,152.0
1777915239.4643586,57472,153.0
1777915243.8204534,57863,154.0
1777915249.1510375,58348,155.0
1777915252.6367218,58665,156.0
1777915255.0230405,58879,157.0
1777915257.4029522,59093,158.0
1777915260.8838408,59403,159.0
1777915262.722804,59568,160.0
1777915264.3857248,59720,161.0
1777915267.1258793,59966,162.0
1777915269.342459,60128,163.0
1777915273.29876,60486,164.0
1777915284.3535488,61486,165.0
1777915286.0544245,61639,166.0
1777915297.9374654,62639,167.0
1777915310.1988785,63639,168.0
1777915321.6765158,64639,169.0
1777915332.8052301,65639,170.0
1777915343.857171,66639,171.0
1777915349.9299643,67189,172.0
1777915358.510855,67966,173.0
1777915369.7241802,68966,174.0
1777915380.9117599,69966,175.0
1777915392.566818,70966,176.0
1777915402.0802417,71825,177.0
1777915406.3665729,72207,178.0
1777915414.2677197,72897,179.0
1777915425.8232305,73897,180.0
1777915436.5517566,74833,181.0
1777915447.9942684,75833,182.0
1777915459.3883762,76833,183.0
1777915470.641161,77833,184.0
1777915473.2947664,78068,185.0
1777915485.040041,79068,186.0
1777915490.3893187,79537,187.0
1777915500.9121912,80435,188.0
1777915512.1627932,81435,189.0
1777915517.9852874,81946,190.0
1777915529.1691048,82946,191.0
1777915540.485049,83946,192.0
1777915551.8391867,84946,193.0
1777915554.9294314,85218,194.0
1777915566.2565105,86218,195.0
1777915577.6817758,87218,196.0
1777915589.0015128,88218,197.0
1777915600.3768759,89218,198.0
1777915612.1212955,90218,199.0
1777915613.6828787,90354,200.0
1777915616.8093321,90629,201.0
1777915628.2044663,91629,202.0
1777915639.5561256,92629,203.0
1777915650.9372,93629,204.0
1777915662.1141455,94629,205.0
1777915673.5394378,95629,206.0
1777915680.895906,96276,207.0
1777915692.2257247,97272,208.0
1777915702.6571012,98195,209.0
1777915714.0212572,99195,210.0
1777915725.8191237,100195,211.0
1777915737.0963895,101195,212.0
1777915748.467944,102195,213.0
1777915759.8090165,103195,214.0
1777915771.099496,104195,215.0
1777915776.1410167,104639,216.0
1777915783.3065352,105275,217.0
1777915790.6881418,105927,218.0
1777915801.0563788,106838,219.0
1777915803.4704099,107051,220.0
1777915814.7899423,108051,221.0
1777915826.0936012,109051,222.0
1777915837.8767602,110051,223.0
1777915846.3984146,110804,224.0
1777915856.3372588,111677,225.0
1777915867.7396655,112677,226.0
1777915877.9891813,113580,227.0
1777915884.9903846,114192,228.0
1777915896.3670723,115192,229.0
1777915908.0366385,116192,230.0
1777915919.7432425,117192,231.0
1777915922.9981446,117455,232.0
1777915934.7959294,118455,233.0
1777915937.6686642,118705,234.0
1777915941.4502385,119022,235.0
1777915948.3547783,119627,236.0
1777915952.4954388,119987,237.0
1777915962.5038664,120795,238.0
1777915973.6803486,121795,239.0
1777915985.139253,122795,240.0
1777915996.6372743,123795,241.0
1777916004.125105,124457,242.0
1777916009.1604285,124906,243.0
1777916013.1994576,125263,244.0
1777916015.8901072,125500,245.0
1777916019.0312636,125780,246.0
1777916023.2231674,126149,247.0
1777916034.4845,127149,248.0
1777916036.4161456,127314,249.0
1777916041.5929337,127769,250.0
1777916045.4281034,128104,251.0
1777916052.3308947,128702,252.0
1777916058.2713475,129224,253.0
1777916070.1053052,130224,254.0
1777916081.4977643,131224,255.0
1777916092.8882086,132224,256.0
1777916097.1063402,132591,257.0
1777916105.222288,133287,258.0
1777916116.6881049,134287,259.0
1777916126.9026515,135181,260.0
1777916129.1776297,135383,261.0
1777916131.4828777,135584,262.0
1777916136.8531444,136048,263.0
1777916139.2536273,136260,264.0
1777916142.5255291,136541,265.0
1777916144.4037297,136711,266.0
1777916155.6738193,137711,267.0
1777916166.9831767,138711,268.0
1777916169.3842185,138922,269.0
1777916170.5671895,139021,270.0
1777916174.0770378,139324,271.0
1777916179.0825462,139772,272.0
1777916190.7798178,140772,273.0
1777916192.9454188,140961,274.0
1777916196.9847252,141307,275.0
1777916203.691901,141845,276.0
1777916207.9595635,142183,277.0
1777916215.0763412,142709,278.0
1777916219.604623,143050,279.0
1777916221.028581,143157,280.0
1777916228.279392,143716,281.0
1777916241.0828352,144716,282.0
1777916244.270902,144949,283.0
1777916247.8477635,145205,284.0
1777916254.7860272,145716,285.0
1777916268.2957907,146716,286.0
1777916271.13534,146933,287.0
1777916275.6385448,147286,288.0
1777916288.4916294,148286,289.0
1777916295.6475947,148857,290.0
1777916304.3393054,149586,291.0
1777916307.671156,149865,292.0
1777916308.7296486,149957,293.0
1777916312.858158,150276,294.0
1777916314.1155267,150388,295.0
1777916321.3861747,151014,296.0
1777916333.3093548,152014,297.0
1777916336.045697,152239,298.0
1777916347.473168,153167,299.0
1777916356.027601,153855,300.0
1777916358.7230508,154076,301.0
1777916366.953653,154744,302.0
1777916369.5662973,154962,303.0
1777916373.810813,155322,304.0
1777916376.3446069,155530,305.0
1777916388.519445,156530,306.0
1777916400.591865,157530,307.0
1777916412.4582953,158530,308.0
1777916418.866076,159063,309.0
1777916420.9350271,159240,310.0
1777916433.132108,160240,311.0
1777916435.8713746,160472,312.0
1777916437.8797748,160652,313.0
1777916442.8067067,161079,314.0
1777916450.9321547,161784,315.0
1777916462.4244153,162784,316.0
1777916464.4828997,162951,317.0
1777916466.609754,163128,318.0
1777916477.4743357,164044,319.0
1777916489.5075915,165044,320.0
1777916496.7971663,165647,321.0
1777916504.3003287,166234,322.0
1777916506.467294,166407,323.0
1777916516.3769393,167223,324.0
1777916528.9951684,168223,325.0
1777916541.1954548,169223,326.0
1777916548.717841,169833,327.0
1777916551.6404378,170038,328.0
1777916553.412321,170186,329.0
1777916561.5783606,170884,330.0
1777916574.0101101,171884,331.0
1777916576.2643995,172057,332.0
1777916579.5695598,172326,333.0
1777916591.394158,173326,334.0
1777916603.101266,174326,335.0
1777916614.8818312,175326,336.0
1777916621.479631,175890,337.0
1777916624.4708152,176151,338.0
1777916629.6386256,176598,339.0
1777916634.0364268,176968,340.0
1777916646.1490834,177968,341.0
1777916653.757438,178614,342.0
1777916665.3657439,179614,343.0
1777916674.1866999,180338,344.0
1777916685.8802524,181338,345.0
1777916697.6144443,182338,346.0
1777916701.0364792,182622,347.0
1777916706.131429,183054,348.0
1777916715.2612908,183833,349.0
1777916726.9006562,184833,350.0
1777916735.12414,185541,351.0
1777916743.9073315,186288,352.0
1777916755.8221426,187288,353.0
1777916760.1638346,187657,354.0
1777916766.4284918,188185,355.0
1777916777.9691887,189185,356.0
1777916782.1299632,189544,357.0
1777916789.4996185,190124,358.0
1777916801.2662635,191124,359.0
1777916803.756667,191336,360.0
1777916815.9580557,192336,361.0
1777916820.7096589,192738,362.0
1777916824.3828986,193039,363.0
1777916829.6024177,193482,364.0
1777916834.90384,193925,365.0
1777916839.8050003,194345,366.0
1777916843.9983237,194691,367.0
1777916848.456453,195065,368.0
1777916852.9111514,195444,369.0
1777916862.782638,196281,370.0
1777916866.0327513,196566,371.0
1777916877.7661295,197566,372.0
1777916889.787924,198566,373.0
1777916892.5817928,198812,374.0
1777916895.5774486,199073,375.0
1777916897.9848213,199280,376.0
1777916900.2047384,199479,377.0
1777916903.6724963,199779,378.0
1777916915.7869458,200779,379.0
1777916919.033925,201049,380.0
1777916922.145109,201316,381.0
1777916930.9365306,202045,382.0
1777916936.852009,202528,383.0
1777916939.091775,202709,384.0
1777916943.2129624,203052,385.0
1777916945.8843822,203281,386.0
1777916950.388765,203668,387.0
1777916954.272499,203990,388.0
1777916958.6032076,204354,389.0
1777916961.6735358,204607,390.0
1777916965.1762838,204903,391.0
1777916969.6163476,205278,392.0
1777916981.2965806,206278,393.0
1777916985.6991518,206654,394.0
1777916988.5920303,206904,395.0
1777916991.6627097,207174,396.0
1777917002.930602,208174,397.0
1777917014.572994,209174,398.0
1777917017.537498,209438,399.0
1777917020.6619234,209697,400.0
1777917023.913262,209973,401.0
1777917028.8674529,210355,402.0
1777917032.4675817,210661,403.0
1777917043.9762895,211661,404.0
1777917047.3279068,211954,405.0
1777917050.4098256,212222,406.0
1777917053.1651525,212462,407.0
1777917056.1300101,212716,408.0
1777917058.73144,212940,409.0
1777917060.4158878,213093,410.0
1777917063.7776566,213388,411.0
1777917075.129226,214388,412.0
1777917086.401513,215388,413.0
1777917091.1576211,215794,414.0
1777917093.4094832,215992,415.0
1777917096.8289256,216287,416.0
1777917099.8849819,216550,417.0
1777917103.0215945,216817,418.0
1777917105.8443465,217065,419.0
1777917108.4499223,217288,420.0
1777917112.123809,217606,421.0
1777917115.4376638,217896,422.0
1777917118.8606682,218189,423.0
1777917120.8314753,218359,424.0
1777917132.4301448,219359,425.0
1777917135.2639182,219600,426.0
1777917145.8580785,220497,427.0
1777917148.9658933,220763,428.0
1777917152.895741,221021,429.0
1777917155.404911,221238,430.0
1777917158.8523786,221536,431.0
1777917162.4004471,221835,432.0
1777917173.7966433,222835,433.0
1777917177.3760312,223137,434.0
1777917179.872137,223353,435.0
1777917182.8598318,223605,436.0
1777917185.2101207,223805,437.0
1777917188.2166228,224065,438.0
1777917192.6947608,224461,439.0
1777917198.5275013,224980,440.0
1777917203.1462138,225382,441.0
1777917209.5453308,225952,442.0
1777917212.3109784,226194,443.0
1777917214.9581552,226425,444.0
1777917226.3705568,227425,445.0
1777917228.997488,227652,446.0
1777917232.2113154,227923,447.0
1777917234.4143593,228098,448.0
1777917237.98184,228372,449.0
1777917241.9447346,228706,450.0
1777917243.8530505,228870,451.0
1777917247.234335,229151,452.0
1777917259.3263934,230151,453.0
1777917262.5382404,230425,454.0
1777917265.2547717,230657,455.0
1777917276.8691273,231657,456.0
1777917278.5149307,231797,457.0
1777917281.3990295,232045,458.0
1777917284.2663658,232289,459.0
1777917290.4408925,232816,460.0
1777917292.5233727,232990,461.0
1777917295.3105288,233243,462.0
1777917298.0239983,233481,463.0
1777917309.408259,234481,464.0
1777917311.7453096,234692,465.0
1777917313.7828076,234871,466.0
1777917317.0757155,235160,467.0
1777917319.680054,235393,468.0
1777917322.5555415,235648,469.0
1777917325.953999,235946,470.0
1777917328.5538888,236173,471.0
1777917330.257337,236328,472.0
1777917332.5651371,236523,473.0
1777917335.3858762,236774,474.0
1777917337.244232,236930,475.0
1777917339.127266,237097,476.0
1777917341.037987,237261,477.0
1777917346.2464314,237721,478.0
1777917348.7399163,237937,479.0
1777917353.5436282,238363,480.0
1777917355.2754083,238521,481.0
1777917357.8484645,238742,482.0
1777917360.8945062,239002,483.0
1777917363.8422863,239267,484.0
1777917365.9777408,239455,485.0
1777917368.0725157,239639,486.0
1777917370.2314904,239829,487.0
1777917373.6799371,240080,488.0
1777917376.0748124,240292,489.0
1777917378.7177336,240513,490.0
1777917380.7122104,240683,491.0
1777917383.953149,240949,492.0
1777917386.0499039,241129,493.0
1777917390.2460372,241487,494.0
1777917394.1654522,241818,495.0
1777917396.0087895,241986,496.0
1777917398.7978497,242242,497.0
1777917399.8885045,242341,498.0
1777917403.2134116,242624,499.0
1777917405.1220312,242787,500.0
1777917407.3543496,242990,501.0
1777917412.8813577,243462,502.0
1777917414.988495,243646,503.0
1777917416.8225667,243800,504.0
1777917420.3068373,244103,505.0
1777917423.1665058,244349,506.0
1777917425.9219406,244586,507.0
1777917430.0531988,244944,508.0
1777917432.1492155,245127,509.0
1777917435.1767612,245397,510.0
1777917438.3251271,245667,511.0
1777917442.8003097,246065,512.0
1777917451.4260628,246812,513.0
1777917453.646091,247004,514.0
1777917458.164609,247381,515.0
1777917460.145048,247536,516.0
1777917464.0606182,247815,517.0
1777917468.202214,248085,518.0
1777917485.7003007,249085,519.0
1777917489.7503915,249316,520.0
1777917493.8607624,249550,521.0
1777917497.1893735,249744,522.0
1777917500.2682025,249921,523.0
1777917505.6453712,250209,524.0
1777917510.66994,250500,525.0
1777917513.9258006,250693,526.0
1777917516.9605541,250867,527.0
1777917520.6125784,251075,528.0
1777917523.651216,251293,529.0
1777917526.9898822,251585,530.0
1777917528.9569564,251764,531.0
1777917540.5168035,252764,532.0
1777917542.57099,252938,533.0
1777917545.83459,253203,534.0
1777917547.596604,253349,535.0
1777917549.3784683,253501,536.0
1777917561.9183686,254501,537.0
1777917578.4323764,255501,538.0
1777917580.9229534,255644,539.0
1777917584.733086,255871,540.0
1777917591.980647,256309,541.0
1777917597.364241,256626,542.0
1777917603.3363748,256985,543.0
1777917606.2355983,257160,544.0
1777917609.93494,257374,545.0
1777917612.8668134,257555,546.0
1777917616.8800714,257793,547.0
1777917620.148795,257978,548.0
1777917623.2172627,258160,549.0
1777917627.3179374,258404,550.0
1777917632.430752,258712,551.0
1777917645.1800032,259470,552.0
1777917663.6435256,260470,553.0
1777917672.9079645,260957,554.0
1777917677.4035401,261205,555.0
1777917681.4044795,261434,556.0
1777917690.0224266,261910,557.0
1777917692.9249122,262063,558.0
1777917704.9284956,262683,559.0
1777917708.827918,262890,560.0
1777917727.5957987,263890,561.0
1777917732.3364625,264153,562.0
1777917736.8995702,264409,563.0
1777917739.8350043,264565,564.0
1777917743.263738,264743,565.0
1777917761.2646558,265743,566.0
1777917767.3646002,266074,567.0
1777917771.2356756,266271,568.0
1777917775.0034616,266473,569.0
1777917778.1003437,266644,570.0
1777917787.2027147,267148,571.0
1777917791.7194376,267406,572.0
1777917802.2824543,268006,573.0
1777917807.6978688,268322,574.0
1777917811.3473516,268529,575.0
1777917814.6370387,268717,576.0
1777917817.7945807,268898,577.0
1777917825.0869818,269324,578.0
1777917843.4490025,270324,579.0
1777917853.0034425,270838,580.0
1777917857.649572,271077,581.0
1777917862.8929994,271354,582.0
1777917867.493605,271604,583.0
1777917870.4562747,271774,584.0
1777917880.3891532,272310,585.0
1777917883.424937,272482,586.0
1777917886.5770738,272651,587.0
1777917890.834528,272885,588.0
1777917893.722,273045,589.0
1777917911.4957933,274045,590.0
1777917914.6464562,274222,591.0
1777917918.3336303,274424,592.0
1777917921.0497665,274580,593.0
1777917928.5241463,275013,594.0
1777917932.6430993,275248,595.0
1777917936.7256274,275476,596.0
1777917943.0992534,275834,597.0
1777917949.5085182,276187,598.0
1777917967.3614447,277187,599.0
1777917972.2764235,277453,600.0
1777917976.5009577,277695,601.0
1777917980.1933577,277896,602.0
1777917986.9270802,278283,603.0
1777918004.8842359,279283,604.0
1777918007.2491713,279425,605.0
1777918010.9983366,279643,606.0
1777918015.2875738,279892,607.0
1777918020.596957,280168,608.0
1777918025.0434911,280417,609.0
1777918027.9072142,280576,610.0
1777918034.2289088,280922,611.0
1777918037.5994875,281112,612.0
1777918041.0213532,281297,613.0
1777918044.317862,281485,614.0
1777918048.1242356,281694,615.0
1777918052.3516207,281939,616.0
1777918056.5973911,282181,617.0
1777918060.1168349,282374,618.0
1777918064.1643584,282607,619.0
1777918067.4041522,282799,620.0
1777918071.356602,283031,621.0
1777918074.115632,283191,622.0
1777918076.9628081,283352,623.0
1777918094.3314283,284352,624.0
1777918097.4852016,284530,625.0
1777918100.7101605,284720,626.0
1777918106.1053143,285032,627.0
1777918109.8500278,285241,628.0
1777918113.1950998,285429,629.0
1777918119.5454066,285788,630.0
1777918124.3857844,286061,631.0
1777918127.3153026,286226,632.0
1777918130.4320095,286404,633.0
1777918136.8649173,286766,634.0
1777918140.1222248,286945,635.0
1777918142.7443094,287094,636.0
1777918146.2927656,287287,637.0
1777918149.304662,287457,638.0
1777918153.6712477,287690,639.0
1777918158.2952447,287943,640.0
1777918163.3575864,288216,641.0
1777918166.5552764,288388,642.0
1777918169.6554685,288571,643.0
1777918172.397933,288721,644.0
1777918176.0300057,288928,645.0
1777918180.0624456,289154,646.0
1777918183.7984674,289367,647.0
1777918186.69497,289536,648.0
1777918189.386156,289688,649.0
1777918197.1310973,290091,650.0
1777918201.570598,290351,651.0
1777918205.512956,290574,652.0
1777918209.0019934,290771,653.0
1777918211.9381194,290945,654.0
1777918215.8734765,291166,655.0
1777918222.9304361,291554,656.0
1777918226.8240488,291766,657.0
1777918230.2972417,291952,658.0
1777918234.5745893,292189,659.0
1777918237.702105,292367,660.0
1777918240.509907,292520,661.0
1777918244.545242,292751,662.0
1777918248.169065,292953,663.0
1777918251.3889353,293134,664.0
1777918254.5209613,293314,665.0
1777918257.206034,293468,666.0
1777918259.8307126,293621,667.0
1777918262.3769968,293765,668.0
1777918266.3984363,293991,669.0
1777918269.6390865,294178,670.0
1777918272.7812207,294352,671.0
1777918277.778726,294635,672.0
1777918282.7675385,294916,673.0
1777918285.5686564,295074,674.0
1777918288.6498113,295244,675.0
1777918291.3441684,295393,676.0
1777918294.1887782,295563,677.0
1777918297.806612,295764,678.0
1777918302.6862042,296039,679.0
1777918320.3862963,297039,680.0
1777918323.5361953,297219,681.0
1777918327.738435,297451,682.0
1777918332.996525,297743,683.0
1777918336.44344,297941,684.0
1777918339.2111511,298097,685.0
1777918341.9917765,298260,686.0
1777918345.5686088,298457,687.0
1777918348.6105568,298633,688.0
1777918352.3700304,298841,689.0
1777918356.1439667,299057,690.0
1777918370.7949934,299864,691.0
1777918375.060995,300069,692.0
1777918386.225702,300706,693.0
1777918389.7862825,300899,694.0
1777918393.2929149,301098,695.0
1777918397.075163,301308,696.0
1777918400.2118366,301480,697.0
1777918403.6776307,301667,698.0
1777918406.5963802,301840,699.0
1777918410.0522587,302026,700.0
1777918412.979354,302193,701.0
1777918416.1848848,302366,702.0
1777918420.058501,302575,703.0
1777918423.794896,302798,704.0
1777918432.296904,303272,705.0
1777918435.3490574,303448,706.0
1777918439.2534342,303664,707.0
1777918441.948534,303824,708.0
1777918446.0511365,304061,709.0
1777918448.5475605,304210,710.0
1777918451.2394216,304358,711.0
1777918459.5828571,304849,712.0
1777918467.6663032,305313,713.0
1777918470.6189842,305480,714.0
1777918473.671059,305655,715.0
1777918477.5718694,305873,716.0
1777918481.8551624,306118,717.0
1777918485.8979843,306352,718.0
1777918489.1695383,306531,719.0
1777918494.2071462,306823,720.0
1777918498.8138068,307082,721.0
1777918501.5915866,307239,722.0
1777918505.0001633,307432,723.0
1777918523.1478868,308432,724.0
1777918530.5832767,308851,725.0
1777918535.5978065,309132,726.0
1777918538.3564436,309286,727.0
1777918542.492254,309527,728.0
1777918545.6605444,309709,729.0
1777918551.5713456,310015,730.0
1777918554.7635539,310199,731.0
1777918560.4070525,310518,732.0
1777918564.8722954,310777,733.0
1777918567.9651942,310948,734.0
1777918574.4443831,311322,735.0
1777918577.4313228,311492,736.0
1777918581.4162111,311718,737.0
1777918584.4499953,311891,738.0
1777918587.4351249,312061,739.0
1777918591.0265226,312272,740.0
1777918600.4453156,312796,741.0
1777918603.0599813,312948,742.0
1777918606.0327878,313115,743.0
1777918609.2766662,313299,744.0
1777918612.4486125,313482,745.0
1777918615.5882719,313664,746.0
1777918619.5716374,313897,747.0
1777918622.1625333,314046,748.0
1777918625.2536519,314219,749.0
1777918630.296616,314503,750.0
1777918635.2176025,314780,751.0
1777918638.8739624,314996,752.0
1777918641.299883,315135,753.0
1777918647.8815017,315508,754.0
1777918665.3741698,316508,755.0
1777918668.4847841,316669,756.0
1777918671.0728295,316824,757.0
1777918675.2615538,317058,758.0
1777918683.4177372,317527,759.0
1777918687.5521855,317755,760.0
1777918690.5453465,317934,761.0
1777918693.524464,318096,762.0
1777918699.145415,318416,763.0
1777918702.6395552,318619,764.0
1777918707.592617,318899,765.0
1777918710.3860533,319054,766.0
1777918716.2237594,319385,767.0
1777918722.4691045,319740,768.0
1777918729.8197753,320130,769.0
1777918747.2237833,321130,770.0
1777918752.5161602,321426,771.0
1777918755.6292636,321597,772.0
1777918760.4726477,321867,773.0
1777918763.0277934,322010,774.0
1777918767.5553362,322263,775.0
1777918770.1748445,322408,776.0
1777918774.225003,322631,777.0
1777918778.512945,322878,778.0
1777918795.9527516,323878,779.0
1777918799.686467,324088,780.0
1777918803.248608,324287,781.0
1777918807.1976736,324504,782.0
1777918809.9433765,324669,783.0
1777918814.5431588,324925,784.0
1777918832.6312134,325925,785.0
1777918837.4518228,326194,786.0
1777918841.5429804,326419,787.0
1777918846.517029,326699,788.0
1777918854.490737,327136,789.0
1777918857.604164,327317,790.0
1777918861.9982111,327559,791.0
1777918864.7609525,327718,792.0
1777918870.842032,328063,793.0
1777918873.6754508,328219,794.0
1777918877.677591,328449,795.0
1777918883.1345716,328753,796.0
1777918886.1180153,328924,797.0
1777918889.3476992,329104,798.0
1777918892.8073425,329290,799.0
1777918911.1927354,330290,800.0
1777918913.6525192,330425,801.0
1777918917.1295173,330619,802.0
1777918934.997942,331619,803.0
1777918937.5523548,331763,804.0
1777918941.221542,331965,805.0
1777918947.3008316,332305,806.0
1777918950.488452,332487,807.0
1777918954.6254349,332711,808.0
1777918957.3617532,332865,809.0
1777918960.7694082,333046,810.0
1777918968.7177405,333489,811.0
1777918971.505666,333632,812.0
1777918975.1387382,333837,813.0
1777918979.2814045,334065,814.0
1777918984.4355211,334349,815.0
1777918989.0643387,334612,816.0
1777918991.774817,334763,817.0
1777918994.8846636,334939,818.0
1777918999.1982143,335181,819.0
1777919003.2385201,335412,820.0
1777919006.4609761,335595,821.0
1777919024.2292411,336595,822.0
1777919027.746842,336785,823.0
1777919030.9708624,336967,824.0
1777919036.2103693,337258,825.0
1777919039.3841267,337431,826.0
1777919041.9537494,337581,827.0
1777919044.7495828,337732,828.0
1777919048.1782317,337922,829.0
1777919051.404833,338102,830.0
1777919069.595168,339102,831.0
1777919072.5334308,339252,832.0
1777919075.5283916,339431,833.0
1777919079.265611,339633,834.0
1777919082.8629177,339843,835.0
1777919085.5507107,339992,836.0
1777919089.0638633,340164,837.0
1777919092.4044409,340325,838.0
1777919096.6913924,340567,839.0
1777919100.7538116,340800,840.0
1777919107.8147511,341189,841.0
1777919112.6290257,341467,842.0
1777919115.933009,341653,843.0
1777919120.120305,341887,844.0
1777919125.5174239,342191,845.0
1777919128.4653325,342355,846.0
1777919131.515017,342528,847.0
1777919136.988426,342835,848.0
1777919141.62541,343076,849.0
1777919145.4473429,343282,850.0
1777919150.3925917,343543,851.0
1777919154.654291,343761,852.0
1777919172.357175,344761,853.0
1777919175.425815,344925,854.0
1777919178.0408845,345078,855.0
1777919184.138933,345421,856.0
1777919188.1376994,345642,857.0
1777919192.2187061,345870,858.0
1777919201.2586415,346382,859.0
1777919205.2287893,346601,860.0
1777919209.8489168,346858,861.0
1777919214.373184,347111,862.0
1777919216.9979894,347258,863.0
1777919220.7101243,347468,864.0
1777919225.3980613,347725,865.0
1777919227.779764,347862,866.0
1777919231.8463156,348083,867.0
1777919236.2367115,348331,868.0
1777919238.9957714,348483,869.0
1777919242.0375667,348661,870.0
1777919244.8468902,348820,871.0
1777919249.4003043,349074,872.0
1777919254.2349842,349351,873.0
1777919261.2366388,349745,874.0
1777919264.686206,349946,875.0
1777919269.0315428,350157,876.0
1777919273.9869478,350439,877.0
1777919279.037375,350726,878.0
1777919282.1738987,350903,879.0
1777919285.0552835,351067,880.0
1777919287.5712774,351208,881.0
1777919291.2684674,351416,882.0
1777919296.9266372,351745,883.0
1777919300.3934972,351938,884.0
1777919311.531311,352567,885.0
1777919315.287315,352781,886.0
1777919320.452434,353082,887.0
1777919323.5798695,353255,888.0
1777919326.3786423,353420,889.0
1777919334.4564145,353876,890.0
1777919338.2151847,354097,891.0
1777919340.7904482,354240,892.0
1777919345.084335,354483,893.0
1777919347.9113019,354641,894.0
1777919352.8061297,354921,895.0
1777919357.137788,355170,896.0
1777919361.815672,355439,897.0
1777919364.5698817,355594,898.0
1777919367.1330543,355737,899.0
1777919370.5791912,355933,900.0
1777919373.313187,356082,901.0
1777919378.1871517,356360,902.0
1777919381.0317898,356514,903.0
1777919384.2508383,356690,904.0
1777919387.4010222,356866,905.0
1777919405.1777568,357866,906.0
1777919410.4165063,358164,907.0
1777919417.223298,358548,908.0
1777919421.8265882,358802,909.0
1777919427.3784418,359110,910.0
1777919430.4569254,359280,911.0
1777919433.2052674,359440,912.0
1777919437.594174,359687,913.0
1777919441.7086,359902,914.0
1777919446.3930333,360149,915.0
1777919449.84873,360349,916.0
1777919453.855586,360570,917.0
1777919456.157464,360707,918.0
1777919460.2934701,360934,919.0
1777919463.5597532,361127,920.0
1777919466.5895658,361289,921.0
1777919471.2004805,361554,922.0
1777919475.2273483,361788,923.0
1777919479.9209166,362052,924.0
1777919484.588237,362320,925.0
1777919487.338698,362479,926.0
1777919491.4927075,362714,927.0
1777919495.4762478,362950,928.0
1777919500.2776394,363215,929.0
1777919503.9435432,363421,930.0
1777919506.450053,363564,931.0
1777919510.2889698,363783,932.0
1777919512.8578858,363926,933.0
1777919516.0840075,364110,934.0
1777919518.707969,364263,935.0
1777919521.3482683,364408,936.0
1777919524.2162044,364569,937.0
1777919527.099738,364735,938.0
1777919533.7198153,365104,939.0
1777919537.8199666,365341,940.0
1777919540.9622595,365514,941.0
1777919543.7967186,365670,942.0
1777919546.98324,365851,943.0
1777919551.0096219,366084,944.0
1777919555.7062626,366346,945.0
1777919558.0010686,366479,946.0
1777919560.553939,366617,947.0
1777919563.0202987,366765,948.0
1777919567.396656,367008,949.0
1777919570.9724572,367211,950.0
1777919574.0649889,367389,951.0
1777919577.0666502,367552,952.0
1777919580.6108756,367755,953.0
1777919583.6718252,367927,954.0
1777919586.6275005,368093,955.0
1777919591.3733473,368360,956.0
1777919594.1983254,368532,957.0
1777919597.135822,368693,958.0
1777919599.8974955,368850,959.0
1777919602.9719164,369026,960.0
1777919605.7659948,369190,961.0
1777919609.8706465,369420,962.0
1777919614.7758522,369696,963.0
1777919620.1033144,369997,964.0
1777919624.691115,370230,965.0
1777919628.5957186,370452,966.0
1777919631.0170045,370596,967.0
1777919634.2789788,370786,968.0
1777919639.0881534,371066,969.0
1777919643.7883413,371335,970.0
1777919647.021601,371517,971.0
1777919649.9849145,371687,972.0
1777919652.7207918,371843,973.0
1777919655.6967473,372011,974.0
1777919659.7202172,372239,975.0
1777919663.5618753,372458,976.0
1777919676.40684,373170,977.0
1777919680.3698263,373386,978.0
1777919698.4825819,374386,979.0
1777919706.2020538,374832,980.0
1777919710.850826,375086,981.0
1777919713.6613154,375245,982.0
1777919716.8229046,375423,983.0
1777919722.3108234,375736,984.0
1777919725.490262,375913,985.0
1777919734.727784,376421,986.0
1777919739.1104906,376671,987.0
1777919746.3623092,377088,988.0
1777919750.8619504,377346,989.0
1777919754.5516372,377553,990.0
1777919757.1964045,377708,991.0
1777919760.7588775,377906,992.0
1777919764.3287463,378104,993.0
1777919768.440554,378338,994.0
1777919771.9299328,378532,995.0
1777919774.5438273,378684,996.0
1777919779.1988375,378945,997.0
1777919783.7261918,379199,998.0
1777919786.7085972,379367,999.0
1777919790.1505575,379559,1000.0
1777919794.937935,379829,1001.0
1777919799.38198,380051,1002.0
1777919803.8715942,380303,1003.0
1777919807.1053877,380484,1004.0
1777919811.5461617,380730,1005.0
1777919814.6032627,380904,1006.0
1777919818.0660758,381088,1007.0
1777919822.3338907,381325,1008.0
1777919824.9077682,381478,1009.0
1777919828.9852703,381703,1010.0
1777919833.0964792,381938,1011.0
1777919835.822526,382088,1012.0
1777919838.7137268,382251,1013.0
1777919842.3955398,382448,1014.0
1777919846.8804665,382697,1015.0
1777919851.7022858,382968,1016.0
1777919854.9341218,383147,1017.0
1777919858.7333727,383357,1018.0
1777919863.6264093,383634,1019.0
1777919866.2753375,383785,1020.0
1777919873.718564,384204,1021.0
1777919876.382824,384348,1022.0
1777919880.3141735,384568,1023.0
1777919883.7780273,384756,1024.0
1777919887.9798892,384992,1025.0
1777919890.6909544,385148,1026.0
1777919895.381572,385413,1027.0
1777919898.06761,385561,1028.0
1777919902.1524277,385793,1029.0
1777919905.253758,385963,1030.0
1777919908.7774818,386162,1031.0
1777919921.8520064,386893,1032.0
1777919924.6890562,387046,1033.0
1777919927.94422,387221,1034.0
1777919930.6641495,387372,1035.0
1777919939.7139647,387883,1036.0
1777919943.7144446,388104,1037.0
1777919946.3785074,388256,1038.0
1777919949.0956523,388406,1039.0
1777919954.182605,388695,1040.0
1777919957.7135324,388897,1041.0
1777919961.7326667,389122,1042.0
1777919964.3758616,389266,1043.0
1777919967.851617,389463,1044.0
1777919972.1575403,389700,1045.0
1777919975.1340013,389874,1046.0
1777919979.3827696,390078,1047.0
1777919984.4443083,390340,1048.0
1777919988.868888,390580,1049.0
1777919993.197668,390810,1050.0
1777919996.4705763,390982,1051.0
1777920002.381483,391313,1052.0
1777920005.3694892,391475,1053.0
1777920008.8882701,391671,1054.0
1777920012.1099646,391857,1055.0
1777920015.2465017,392034,1056.0
1777920019.8495436,392292,1057.0
1777920024.9685495,392577,1058.0
1777920027.7328603,392738,1059.0
1777920031.5902603,392958,1060.0
1777920034.6728144,393124,1061.0
1777920038.5036352,393341,1062.0
1777920042.8317618,393580,1063.0
1777920047.1495245,393816,1064.0
1777920050.359412,393998,1065.0
1777920068.2953446,394998,1066.0
1777920072.4654644,395219,1067.0
1777920076.1165981,395434,1068.0
1777920079.4504597,395630,1069.0
1777920096.5144079,396630,1070.0
1777920099.9198568,396822,1071.0
1777920104.2947707,397070,1072.0
1777920108.3192139,397298,1073.0
1777920111.3912537,397472,1074.0
1777920114.2210333,397632,1075.0
1777920117.2445788,397798,1076.0
1777920120.0884798,397967,1077.0
1777920123.0125473,398127,1078.0
1777920126.787703,398344,1079.0
1777920130.1991632,398530,1080.0
1777920134.2684693,398749,1081.0
1777920137.6720345,398944,1082.0
1777920141.7523382,399171,1083.0
1777920144.4349415,399327,1084.0
1777920147.1918163,399478,1085.0
1777920152.2243183,399765,1086.0
1777920155.2303088,399924,1087.0
1777920159.299649,400119,1088.0
1777920161.9626527,400267,1089.0
1777920165.4357553,400454,1090.0
1777920168.880502,400652,1091.0
1777920175.075915,400992,1092.0
1777920180.031921,401271,1093.0
1777920185.0887432,401557,1094.0
1777920189.0188935,401779,1095.0
1777920192.603809,401978,1096.0
1777920196.9323218,402216,1097.0
1777920199.7803168,402375,1098.0
1777920202.295739,402519,1099.0
1777920205.5920513,402704,1100.0
1777920208.3425016,402856,1101.0
1777920211.4730155,403029,1102.0
1777920214.3404815,403196,1103.0
1777920217.6896427,403370,1104.0
1777920221.7930121,403604,1105.0
1777920224.4686654,403753,1106.0
1777920227.6663172,403937,1107.0
1777920230.7441998,404109,1108.0
1777920234.3829963,404321,1109.0
1777920237.660879,404510,1110.0
1777920249.7135408,405194,1111.0
1777920252.9435196,405373,1112.0
1777920256.9878635,405609,1113.0
1777920265.1781824,406071,1114.0
1777920267.833737,406226,1115.0
1777920271.5820093,406437,1116.0
1777920276.0934672,406698,1117.0
1777920280.1677148,406929,1118.0
1777920284.837307,407188,1119.0
1777920288.1085696,407364,1120.0
1777920293.049522,407625,1121.0
1777920296.9463284,407831,1122.0
1777920300.9068105,408043,1123.0
1777920304.874937,408263,1124.0
1777920308.0991056,408439,1125.0
1777920311.7401352,408647,1126.0
1777920315.3352954,408844,1127.0
1777920319.9524138,409105,1128.0
1777920323.26932,409291,1129.0
1777920326.327904,409465,1130.0
1777920329.280572,409632,1131.0
1777920334.0633957,409895,1132.0
1777920337.9625797,410085,1133.0
1777920341.1359937,410260,1134.0
1777920345.4834797,410498,1135.0
1777920349.0365183,410701,1136.0
1777920353.1655004,410943,1137.0
1777920357.3363264,411174,1138.0
1777920361.6984103,411418,1139.0
1777920365.6249475,411637,1140.0
1777920370.1777725,411883,1141.0
1777920374.7069833,412134,1142.0
1777920386.7725284,412812,1143.0
1777920390.1346226,412993,1144.0
1777920392.5569222,413138,1145.0
1777920397.0421786,413389,1146.0
1777920399.8550928,413552,1147.0
1777920403.8822,413776,1148.0
1777920407.0206423,413952,1149.0
1777920411.1886635,414188,1150.0
1777920414.8547082,414390,1151.0
1777920417.7426336,414553,1152.0
1777920421.5088418,414764,1153.0
1777920424.38498,414932,1154.0
1777920427.505053,415103,1155.0
1777920431.283822,415318,1156.0
1777920434.720408,415510,1157.0
1777920438.564954,415725,1158.0
1777920441.6457198,415902,1159.0
1777920445.8413928,416135,1160.0
1777920448.577998,416289,1161.0
1777920451.889761,416470,1162.0
1777920454.6123884,416630,1163.0
1777920458.7131374,416852,1164.0
1777920462.0186388,417040,1165.0
1777920465.2131593,417218,1166.0
1777920468.9750576,417428,1167.0
1777920472.605775,417636,1168.0
1777920477.297167,417895,1169.0
1777920480.1155927,418062,1170.0
1777920482.8277302,418213,1171.0
1777920485.72735,418375,1172.0
1777920490.1846135,418627,1173.0
1777920493.9411275,418843,1174.0
1777920496.7626452,419002,1175.0
1777920499.6643467,419164,1176.0
1777920501.8669238,419289,1177.0
1777920505.1912544,419480,1178.0
1777920509.112304,419681,1179.0
1777920512.628352,419888,1180.0
1777920517.694708,420146,1181.0
1777920520.8140454,420317,1182.0
1777920525.1584713,420562,1183.0
1777920531.9860423,420947,1184.0
1777920535.8010576,421157,1185.0
1777920540.302829,421405,1186.0
1777920543.1380303,421562,1187.0
1777920546.4480004,421742,1188.0
1777920550.8486512,421983,1189.0
1777920555.1445098,422236,1190.0
1777920558.2187705,422414,1191.0
1777920561.0660844,422575,1192.0
1777920564.1152637,422743,1193.0
1777920567.029343,422914,1194.0
1777920569.9165838,423072,1195.0
1777920573.7787611,423295,1196.0
1777920578.1188142,423533,1197.0
1777920582.403635,423771,1198.0
1777920585.4205472,423942,1199.0
1777920588.6140192,424123,1200.0
1777920591.4568298,424279,1201.0
1777920593.9905534,424414,1202.0
1777920596.9731863,424595,1203.0
1777920601.3395193,424836,1204.0
1777920604.8067257,425030,1205.0
1777920608.6027822,425244,1206.0
1777920611.259051,425396,1207.0
1777920614.085637,425558,1208.0
1777920617.4800122,425750,1209.0
1777920620.3786194,425910,1210.0
1777920625.2785966,426185,1211.0
1777920629.611529,426429,1212.0
1777920633.9928145,426670,1213.0
1777920637.0117345,426839,1214.0
1777920640.5561147,427036,1215.0
1777920644.637956,427255,1216.0
1777920647.3790052,427403,1217.0
1777920650.4904082,427565,1218.0
1777920653.0643902,427703,1219.0
1777920656.135505,427868,1220.0
1777920659.0475924,428027,1221.0
1777920662.435879,428222,1222.0
1777920667.0725536,428482,1223.0
1777920669.6737158,428630,1224.0
1777920672.712851,428797,1225.0
1777920675.5534358,428953,1226.0
1777920678.7371676,429135,1227.0
1777920682.5512335,429346,1228.0
1777920685.8579175,429542,1229.0
1777920688.8945234,429704,1230.0
1777920692.2192075,429888,1231.0
1777920697.1310244,430146,1232.0
1777920700.4929402,430331,1233.0
1777920705.19598,430599,1234.0
1777920709.4481738,430836,1235.0
1777920712.4704053,431000,1236.0
1777920715.7745166,431196,1237.0
1777920719.5523398,431406,1238.0
1777920723.1698537,431610,1239.0
1777920727.1589572,431837,1240.0
1777920729.7378707,431978,1241.0
1777920734.5311785,432246,1242.0
1777920738.02734,432440,1243.0
1777920741.3856287,432631,1244.0
1777920744.3278124,432797,1245.0
1777920748.5310297,433040,1246.0
1777920752.8823898,433293,1247.0
1777920756.4167316,433488,1248.0
1777920760.817416,433736,1249.0
1777920764.5832386,433942,1250.0
1777920769.3999763,434208,1251.0
1777920772.4633243,434387,1252.0
1777920776.4856062,434610,1253.0
1777920780.4954967,434840,1254.0
1777920784.0721006,435031,1255.0
1777920787.9454165,435253,1256.0
1777920792.5543432,435514,1257.0
1777920795.76837,435691,1258.0
1777920800.4197605,435949,1259.0
1777920803.5642626,436132,1260.0
1777920806.7273512,436300,1261.0
1777920810.8382604,436539,1262.0
1777920814.2987452,436734,1263.0
1777920823.4492614,437243,1264.0
1777920827.0182536,437437,1265.0
1777920830.5914772,437647,1266.0
1777920833.4843252,437811,1267.0
1777920836.5385375,437980,1268.0
1777920839.5071537,438150,1269.0
1777920842.3687558,438313,1270.0
1777920845.1012783,438461,1271.0
1777920848.914145,438683,1272.0
1777920851.553595,438830,1273.0
1777920854.2007508,438988,1274.0
1777920857.5865781,439172,1275.0
1777920861.4968214,439388,1276.0
1777920864.2392013,439536,1277.0
1777920867.214563,439691,1278.0
1777920870.1997983,439867,1279.0
1777920874.114314,440042,1280.0
1777920878.5371304,440294,1281.0
1777920882.6930025,440525,1282.0
1777920887.1225278,440775,1283.0
1777920889.7759414,440929,1284.0
1777920891.453447,441029,1285.0
1777920894.6380768,441207,1286.0
1777920898.209066,441408,1287.0
1777920902.5199559,441649,1288.0
1777920906.7088778,441877,1289.0
1777920911.3264472,442140,1290.0
1777920914.266428,442313,1291.0
1777920918.0627897,442523,1292.0
1777920922.2803874,442763,1293.0
1777920925.406809,442939,1294.0
1777920928.4819841,443120,1295.0
1777920933.1819055,443386,1296.0
1777920936.3960226,443563,1297.0
1777920939.4075735,443735,1298.0
1777920942.1908472,443899,1299.0
1777920945.5965009,444079,1300.0
1777920948.6122985,444243,1301.0
1777920951.6686478,444410,1302.0
1777920954.1682956,444558,1303.0
1777920957.0998516,444726,1304.0
1777920960.459032,444920,1305.0
1777920963.1315086,445072,1306.0
1777920967.5597706,445326,1307.0
1777920971.141941,445534,1308.0
1777920973.8977187,445689,1309.0
1777920976.948587,445864,1310.0
1777920980.8014421,446080,1311.0
1777920983.4096043,446234,1312.0
1777920986.2587988,446390,1313.0
1777920989.3492296,446574,1314.0
1777920992.5880237,446755,1315.0
1777920995.433639,446918,1316.0
1777920998.4219291,447100,1317.0
1777921002.333536,447317,1318.0
1777921004.8972788,447468,1319.0
1777921008.328984,447647,1320.0
1777921012.117154,447850,1321.0
1777921015.9359334,448065,1322.0
1777921018.5286558,448216,1323.0
1777921021.698644,448397,1324.0
1777921024.729868,448567,1325.0
1777921028.8783524,448805,1326.0
1777921032.5690632,449007,1327.0
1777921036.1811514,449221,1328.0
1777921039.4354742,449399,1329.0
1777921042.7950063,449590,1330.0
1777921047.0958655,449820,1331.0
1777921050.927717,450001,1332.0
1777921053.511248,450146,1333.0
1777921057.1643376,450351,1334.0
1777921061.113121,450574,1335.0
1777921063.9945023,450737,1336.0
1777921067.8837435,450946,1337.0
1777921071.6601217,451176,1338.0
1777921075.2277093,451373,1339.0
1777921078.832464,451581,1340.0
1777921081.8479064,451754,1341.0
1777921086.5168417,452009,1342.0
1777921089.6705058,452178,1343.0
1777921092.3857536,452324,1344.0
1777921095.7129915,452511,1345.0
1777921098.437323,452668,1346.0
1777921101.4422512,452838,1347.0
1777921104.1129935,452991,1348.0
1777921107.8433547,453200,1349.0
1777921111.8672528,453418,1350.0
1777921115.1776314,453617,1351.0
1777921119.424572,453850,1352.0
1777921122.2462149,454013,1353.0
1777921125.4325712,454187,1354.0
1777921128.6686366,454360,1355.0
1777921131.668606,454517,1356.0
1777921134.6846662,454682,1357.0
1777921138.298757,454886,1358.0
1777921141.0953066,455042,1359.0
1777921145.5673702,455277,1360.0
1777921156.077443,455837,1361.0
1777921159.130708,456004,1362.0
1777921164.2048552,456294,1363.0
1777921167.7102778,456482,1364.0
1777921171.796815,456700,1365.0
1777921175.1757798,456874,1366.0
1777921179.0956624,457087,1367.0
1777921183.7555673,457331,1368.0
1777921187.0697663,457514,1369.0
1777921190.8184876,457723,1370.0
1777921193.4746284,457871,1371.0
1777921197.550826,458087,1372.0
1777921200.4907625,458249,1373.0
1777921204.1662166,458440,1374.0
1777921207.5843847,458614,1375.0
1777921210.2670102,458765,1376.0
1777921214.7411404,459015,1377.0
1777921217.571172,459184,1378.0
1777921221.2783053,459388,1379.0
1777921225.7863028,459645,1380.0
1777921229.138975,459836,1381.0
1777921234.2511413,460098,1382.0
1777921237.480182,460283,1383.0
1777921240.2703297,460442,1384.0
1777921243.3773937,460608,1385.0
1777921247.2681832,460811,1386.0
1777921252.3432698,461088,1387.0
1777921255.602058,461279,1388.0
1777921259.2655773,461491,1389.0
1777921262.4144115,461664,1390.0
1777921264.780889,461802,1391.0
1777921268.5966723,462019,1392.0
1777921272.4917207,462242,1393.0
1777921275.0764964,462389,1394.0
1777921277.8935986,462554,1395.0
1777921281.1990943,462741,1396.0
1777921283.7628834,462878,1397.0
1777921286.6903276,463039,1398.0
1777921289.800079,463200,1399.0
1777921293.3314824,463387,1400.0
1777921296.1566584,463552,1401.0
1777921299.5866113,463750,1402.0
1777921303.6364017,463977,1403.0
1777921306.510516,464152,1404.0
1777921309.9564893,464342,1405.0
1777921313.144304,464558,1406.0
1777921321.0786386,465101,1407.0
1777921324.0515795,465273,1408.0
1777921326.7488284,465427,1409.0
1777921329.3924267,465584,1410.0
1777921332.7087357,465765,1411.0
1777921338.7498791,466101,1412.0
1777921343.8193567,466381,1413.0
1777921346.4270077,466520,1414.0
1777921349.3805547,466683,1415.0
1777921352.1765606,466843,1416.0
1777921355.2950802,467031,1417.0
1777921361.6238136,467392,1418.0
1777921365.3862157,467609,1419.0
1777921368.6840987,467797,1420.0
1777921371.4657795,467956,1421.0
1777921375.8621643,468200,1422.0
1777921379.9355989,468441,1423.0
1777921382.928541,468608,1424.0
1777921385.613243,468763,1425.0
1777921388.3901145,468923,1426.0
1777921392.1413968,469134,1427.0
1777921397.1054869,469428,1428.0
1777921400.2362077,469595,1429.0
1777921403.2359588,469774,1430.0
1777921408.2769282,470006,1431.0
1777921411.4514995,470181,1432.0
1777921414.27464,470336,1433.0
1777921417.4234319,470511,1434.0
1777921420.8911934,470708,1435.0
1777921424.1085463,470889,1436.0
1777921428.0203176,471113,1437.0
1777921431.1861138,471287,1438.0
1777921434.4584208,471481,1439.0
1777921437.5889897,471651,1440.0
1777921441.1525533,471855,1441.0
1777921444.538034,472045,1442.0
1777921448.6172814,472263,1443.0
1777921453.1260042,472500,1444.0
1777921455.7762425,472654,1445.0
1777921458.4653656,472808,1446.0
1777921463.1178393,473071,1447.0
1777921466.530817,473264,1448.0
1777921472.3085504,473596,1449.0
1777921474.9228904,473751,1450.0
1777921479.2166727,473992,1451.0
1777921482.8990507,474204,1452.0
1777921486.228658,474395,1453.0
1777921490.316018,474605,1454.0
1777921494.2708309,474810,1455.0
1777921498.1319067,475023,1456.0
1777921500.845924,475181,1457.0
1777921504.3531673,475367,1458.0
1777921508.4332764,475583,1459.0
1777921511.2894576,475740,1460.0
1777921514.5985312,475909,1461.0
1777921517.2514513,476054,1462.0
1777921520.3178854,476213,1463.0
1777921523.6928418,476398,1464.0
1777921527.345172,476605,1465.0
1777921531.632487,476849,1466.0
1777921535.5335963,477070,1467.0
1777921540.1181095,477325,1468.0
1777921543.2759314,477513,1469.0
1777921547.255272,477730,1470.0
1777921550.3441417,477907,1471.0
1777921553.736329,478101,1472.0
1777921556.7890685,478262,1473.0
1777921559.5769715,478408,1474.0
1777921562.3834097,478557,1475.0
1777921565.4375477,478722,1476.0
1777921569.051156,478929,1477.0
1777921573.6262047,479196,1478.0
1777921578.2284389,479455,1479.0
1777921583.3587344,479741,1480.0
1777921587.6455936,479988,1481.0
1777921591.4614983,480177,1482.0
1777921594.6660442,480351,1483.0
1777921600.0051272,480650,1484.0
1777921603.4144974,480829,1485.0
1777921606.7477164,481006,1486.0
1777921609.8889573,481189,1487.0
1777921613.0656703,481363,1488.0
1777921617.9951677,481634,1489.0
1777921620.9476724,481788,1490.0
1777921624.5351217,481974,1491.0
1777921628.182424,482166,1492.0
1777921632.3977635,482394,1493.0
1777921635.4438648,482570,1494.0
1777921639.282123,482781,1495.0
1777921642.659583,482964,1496.0
1777921646.677117,483175,1497.0
1777921652.8897386,483507,1498.0
1777921656.381189,483691,1499.0
1777921659.0733824,483840,1500.0
1777921662.9564424,484061,1501.0
1777921665.8115535,484231,1502.0
1777921668.7231321,484398,1503.0
1777921671.3865688,484544,1504.0
1777921674.2400985,484713,1505.0
1777921677.1818023,484876,1506.0
1777921679.9746218,485043,1507.0
1777921684.348139,485286,1508.0
1777921687.5531707,485458,1509.0
1777921690.5302896,485628,1510.0
1777921694.001115,485813,1511.0
1777921697.9942153,486024,1512.0
1777921701.5207803,486213,1513.0
1777921704.6675062,486401,1514.0
1777921709.0164351,486645,1515.0
1777921712.2779906,486824,1516.0
1777921716.6472027,487082,1517.0
1777921719.3744519,487231,1518.0
1777921722.0194478,487387,1519.0
1777921724.8283386,487542,1520.0
1777921727.9823225,487731,1521.0
1777921731.6888986,487940,1522.0
1777921735.9152048,488167,1523.0
1777921740.363718,488402,1524.0
1777921743.809195,488582,1525.0
1777921746.5881913,488750,1526.0
1777921749.8523097,488927,1527.0
1777921754.999277,489219,1528.0
1777921757.8449776,489385,1529.0
1777921760.8545778,489553,1530.0
1777921763.5805748,489711,1531.0
1777921766.1088035,489850,1532.0
1777921770.427414,490066,1533.0
1777921773.7908034,490258,1534.0
1777921776.801633,490418,1535.0
1777921779.6045938,490569,1536.0
1777921783.1056721,490748,1537.0
1777921786.2779648,490923,1538.0
1777921790.3840473,491151,1539.0
1777921794.8002632,491405,1540.0
1777921798.157435,491595,1541.0
1777921801.4746442,491780,1542.0
1777921804.3309712,491946,1543.0
1777921808.2673488,492171,1544.0
1777921811.8464475,492375,1545.0
1777921815.2411587,492565,1546.0
1777921817.8106296,492711,1547.0
1777921821.1733227,492890,1548.0
1777921825.2198968,493100,1549.0
1777921828.6178327,493290,1550.0
1777921831.677772,493464,1551.0
1777921835.2595613,493669,1552.0
1777921838.5417004,493852,1553.0
1777921841.2402978,494008,1554.0
1777921843.933401,494160,1555.0
1777921848.4528294,494421,1556.0
1777921851.53431,494586,1557.0
1777921854.8415613,494782,1558.0
1777921857.4460943,494930,1559.0
1777921864.4168844,495305,1560.0
1777921868.4393795,495515,1561.0
1777921872.519189,495747,1562.0
1777921877.115189,495999,1563.0
1777921882.6433096,496284,1564.0
1777921886.1783562,496469,1565.0
1777921889.7064974,496660,1566.0
1777921893.600288,496873,1567.0
1777921896.500009,497028,1568.0
1777921899.4623287,497200,1569.0
1777921902.20178,497361,1570.0
1777921906.2624774,497590,1571.0
1777921909.846865,497805,1572.0
1777921912.9523413,497967,1573.0
1777921916.0135064,498155,1574.0
1777921919.0632427,498327,1575.0
1777921922.631396,498531,1576.0
1777921925.942428,498725,1577.0
1777921929.3067458,498909,1578.0
1777921932.100887,499077,1579.0
1777921936.489318,499321,1580.0
1777921939.7462342,499512,1581.0
1777921944.059328,499755,1582.0
1777921948.0319023,499985,1583.0
