actor_entropy,actor_loss,actor_target_entropy,alpha_loss,alpha_value,batch_reward,critic_loss,duration,episode,episode_reward,step
-0.297714035137225,1.0514257944236367,-2.0,0.17013949416262114,0.09999551309858885,-2.034433807356883,212.82166776818744,1.2385227680206299,96.0,-93.8225204960932,10059
0.12991745003902938,2.092745073073733,-2.0,0.21037288471660784,0.09867919298390777,-1.9647237320916842,175.37680622961668,3.394094467163086,97.0,-248.86405852267887,10285
-0.45854510578280644,2.432826651749036,-2.0,0.14993911310501978,0.0972583397377899,-2.042272444312454,157.80790785525707,2.1342339515686035,98.0,37.654271484772295,10426
-0.7012818261153169,2.7587898290819592,-2.0,0.12506126809037393,0.09628094185362596,-2.0704345686568155,147.73793533444405,2.189545154571533,99.0,-224.07866902214963,10570
-0.9771070647503617,3.006225724061917,-2.0,0.09723548123757338,0.09502044688710273,-1.9311996509228246,107.53472476515823,4.1142449378967285,100.0,-251.7949152220737,10841
-1.2835534540089695,3.181428715899274,-2.0,0.06730415992490896,0.09393130386138746,-1.9579238491458493,103.39589898569601,2.224167823791504,101.0,-302.62540784927774,10984
-1.416939931639125,3.4205039391356906,-2.0,0.054379891457684924,0.09326218306328668,-2.0528571475087927,94.91018805343114,2.6893293857574463,102.0,-275.3811693359831,11162
-1.5105679598119524,3.384659726089901,-2.0,0.04531292702174849,0.09257174262518902,-1.8744445140163104,80.35627431869507,2.766129493713379,103.0,-132.2316340804501,11342
-1.639513406514201,3.310437970640116,-2.0,0.03311697502070355,0.0918227957736128,-1.864463601563428,75.22288396275641,3.875964879989624,104.0,-247.0652144998883,11601
-1.7431135365343469,3.316122818180895,-2.0,0.023458974758588422,0.09129788031189458,-1.8484255249106039,68.35524762709309,1.916194200515747,105.0,-330.4650329988022,11728
-1.8163602477187044,3.52049385751044,-2.0,0.016717858404129534,0.0910258439289586,-1.9742292290800936,69.89801705300391,2.137937545776367,106.0,-685.7417619943094,11871
-1.8464845275878907,3.7673243498802185,-2.0,0.013942791095469148,0.0908170218242507,-1.9319360744953156,64.1611492061615,1.537355661392212,107.0,-246.09208420721055,11971
-1.9133019066871482,3.862109141992339,-2.0,0.007861119748261619,0.0906729953165309,-1.9262881782037993,62.253143256437696,2.1096487045288086,108.0,-693.8619704714221,12112
-1.9401747788890262,4.044221307078851,-2.0,0.005414880897653911,0.09045253805010006,-1.931779044140749,64.84919808095671,4.109262466430664,109.0,-335.05145292911425,12383
-2.0355039523026655,4.440493233850069,-2.0,-0.0032097798920123375,0.09040518173955744,-2.1122261252358694,65.09846095504048,1.6326062679290771,110.0,-71.8719557020922,12490
-2.163304881287672,4.06218562646674,-2.0,-0.01483960901887333,0.09084088107662687,-1.9363618031677792,59.34604281564718,5.504356622695923,111.0,-329.9618171243561,12853
-2.0838176234960555,3.7284836148023603,-2.0,-0.007724509763997048,0.09231839255570509,-1.8215687291622162,54.17112587451935,15.123531341552734,112.0,-79.01419146529031,13853
-2.0712589684724807,2.9804445165097713,-2.0,-0.006709438141086139,0.09449513320719112,-1.7114065163433552,47.77561592483521,15.218756437301636,113.0,-52.250674924368106,14853
-1.9845113430023194,2.1696123520731927,-2.0,0.0014725065551465376,0.09514067138418641,-1.6093722336143255,41.422205359697344,15.131431102752686,114.0,-10.268713068370037,15853
-2.01192924618721,0.9895145039558411,-2.0,-0.0011281224091071636,0.09609483874685079,-1.4956937005370856,39.44004344129562,15.067848920822144,115.0,-10.65922869317795,16853
-1.9587392880916596,-0.18744479632377625,-2.0,0.003880617393821012,0.09473675606289206,-1.4364000799059868,39.716520205020906,15.100951671600342,116.0,-67.91851015788737,17853
-1.8684394878149033,-1.3349741489291191,-2.0,0.011789231776609085,0.08958609952182546,-1.3400616907328367,38.07188544464111,15.50085186958313,117.0,-35.12964652551688,18853
-1.850475538611412,-2.4063298378810285,-2.0,0.012501762092811987,0.08333664786086793,-1.2770206340700387,36.11272447872162,15.434467792510986,118.0,14.279885328983337,19853
-1.9038804064602612,-2.920059100677978,-2.0,0.007618120626892499,0.07897829178484973,-1.2065551465028497,35.64132919839528,13.527907609939575,119.0,168.6702223741175,20729
-2.0649202783677985,-2.944233049051012,-2.0,-0.005082532920893948,0.07810403613856866,-1.1737598632295703,37.94312207353093,8.119840383529663,120.0,146.70455699009258,21260
-2.129155110549457,-3.193322033130477,-2.0,-0.010336941974627523,0.08017231763020977,-1.1464168172825147,37.48412403214741,6.162447690963745,121.0,-177.78163767954342,21666
-2.1096103687865617,-3.4777795570920707,-2.0,-0.009006699860558609,0.08200345734234213,-1.0939050954554448,35.779878550134356,6.921552658081055,122.0,214.40777642714264,22127
-2.118960820732464,-3.896483090716777,-2.0,-0.010031699834885775,0.08461076440759627,-1.1212411805274547,37.589033508626635,6.7638490200042725,123.0,174.7791422329418,22566
-2.108272181965454,-4.656748909437866,-2.0,-0.009337376301076089,0.08608608303786826,-0.9937838291128477,35.64766742053785,5.213594913482666,124.0,-8.918708009938143,22908
-2.080598361378916,-4.628075111815192,-2.0,-0.007132012390624851,0.088563235206419,-1.052451074773754,41.177331851596854,11.927778720855713,125.0,-319.7944290143632,23687
-2.055979101061821,-4.604244929552078,-2.0,-0.005115712493192404,0.09077358847901489,-1.0131980955861508,36.67802195549011,15.266803741455078,126.0,48.49856518135177,24687
-2.1166974506501495,-4.861876354777608,-2.0,-0.01091967993576465,0.09368325303044446,-0.9661005691400376,37.10076684581822,3.6193292140960693,127.0,8.472396688414818,24919
-2.1320718063116075,-5.175920550435782,-2.0,-0.012925479078548961,0.09745723603431504,-0.9809374891817569,39.107599930286405,15.33368706703186,128.0,-25.609719065240387,25919
-2.048181217386975,-5.075106536600447,-2.0,-0.004900303084246625,0.10170794011295714,-0.9524234386015048,36.52989118549681,3.371061086654663,129.0,2.576451611167087,26136
-2.0771241501300004,-5.707880926828315,-2.0,-0.007888069834363014,0.10234566060964082,-0.9349235460488465,36.36014219270135,2.0886471271514893,130.0,11.62306038835969,26273
-1.9328692618169283,-5.665334185487346,-2.0,0.006873431033454835,0.10236454684612303,-0.9334431551887017,36.055064853868984,2.322580099105835,131.0,5.094400496794776,26425
-2.0265790697272497,-5.872285486177634,-2.0,-0.002717971229456536,0.10234094197475924,-0.9548117558426833,39.1010882799862,5.995906829833984,132.0,-104.55267700649847,26818
-1.9949600920986068,-6.416027516850575,-2.0,0.0005194245175899644,0.10230963357488694,-0.9208483933829344,39.03391576778551,7.442765474319458,133.0,-225.62498452700828,27312
-1.988435624952776,-6.747385382293219,-2.0,0.0011859379189105772,0.10239446316457436,-0.8927424351224699,36.47733442467379,5.06228232383728,134.0,222.8130392981023,27644
-2.01134772002697,-6.511359562476476,-2.0,-0.0011597951136839886,0.10228989492303672,-0.9170724683751662,32.77873354752858,1.837529182434082,135.0,22.52542641061426,27764
-1.993950227022171,-7.181932070493698,-2.0,0.0006194132898235693,0.10185160088506243,-0.8705759426727891,37.63714318227768,15.438856840133667,136.0,50.47446311171718,28764
-1.9705789269258578,-7.444248838350177,-2.0,0.0029970020077598747,0.10181490863175045,-0.836939808097668,35.8631267696619,2.8558242321014404,137.0,8.441520207995168,28956
-1.9626290618181228,-7.383340386271477,-2.0,0.0037567961026215924,0.10016628188010815,-0.8581805156841874,33.65937969732285,15.274978876113892,138.0,50.058321844011424,29956
-2.0176853195826214,-7.375854833920797,-2.0,-0.0017558816401287913,0.09931568644811174,-0.8925031262636185,36.496109110514325,2.259672164916992,139.0,25.650445675325585,30106
-1.969352326282235,-7.505502245731132,-2.0,0.003037438022655023,0.09900928995722581,-0.7792255237525285,30.05225314373194,6.558577299118042,140.0,-185.11278265426154,30536
-1.952970828685461,-7.416050980852536,-2.0,0.004615973596490373,0.09827303906651236,-0.8476733498138751,31.763248467320548,5.837831020355225,141.0,248.10401510663874,30918
-1.926890082359314,-7.794454574584961,-2.0,0.00710773399831461,0.09727310792198489,-0.8091801829423223,33.62052925109863,2.6177587509155273,142.0,26.15070402614346,31093
-2.059248705267906,-7.840162585496903,-2.0,-0.005829133310006,0.09740981258921644,-0.7936991211436689,32.43411007595062,15.240960597991943,143.0,39.51653654078944,32093
-2.0591401603025727,-7.735171894861173,-2.0,-0.005985093797237283,0.10099817416626261,-0.7604384664446115,29.973747949811475,9.539128065109253,144.0,147.16356201882797,32725
-2.088294529252582,-7.937537614946012,-2.0,-0.009059940585521635,0.10266504921015576,-0.709534197114408,27.45138622213293,1.6767878532409668,145.0,35.11570313693616,32833
-1.9995493034944467,-8.211574102688061,-2.0,4.774066025113806e-05,0.10285056714119158,-0.7421629433971488,29.147701633173806,6.299190521240234,146.0,-270.77444888100564,33256
-2.0191067982912063,-8.008986194074154,-2.0,-0.0019759279714198783,0.10316580001881319,-0.7277783808596432,28.98208316373825,15.181319952011108,147.0,-5.36297976068403,34256
-2.0404574584380315,-7.383832823014513,-2.0,-0.004246736817484328,0.10497100882671642,-0.6921845215912823,30.543750092319158,10.050915241241455,148.0,-83.1128251770568,34913
-2.031841510153831,-7.586822203499206,-2.0,-0.0033830660147632055,0.10634086105433233,-0.7054044867053311,28.10091320694761,5.788407802581787,149.0,-245.6775622082583,35289
-2.0302182465064815,-7.29805647333463,-2.0,-0.003224683919830657,0.10672886420954417,-0.7721355132970625,35.72841534963468,1.8100430965423584,150.0,-25.0108002362297,35412
-2.0610644040228445,-7.515481223411198,-2.0,-0.006548451350359364,0.10726927044924046,-0.6882934841692825,25.0717874146715,2.386493444442749,151.0,-22.164783601706148,35570
-1.9830251629352569,-7.8707790620327,-2.0,0.0018199065012158826,0.10755060881524707,-0.6698640054445714,28.631913487911223,15.329286098480225,152.0,66.55688245529808,36570
-1.942496109860284,-7.500224758897509,-2.0,0.0061142280115745965,0.10643923559814854,-0.7130698909184763,22.997587874957492,2.047919988632202,153.0,-8.732771701872906,36710
-1.9912330368418751,-7.732033185998108,-2.0,0.0009312629450587824,0.10531619974365507,-0.6916668222979508,27.739961401425273,7.361011505126953,154.0,215.5200555458629,37196
-2.0283208830016,-7.706809635673251,-2.0,-0.002995340909581587,0.10572244683475378,-0.601048098854898,28.00774400858652,2.543316125869751,155.0,-40.3843416523599,37364
-1.9725663629770278,-7.760424280107022,-2.0,0.0028854360360419376,0.10505431516628014,-0.6572626728322357,28.045706378936767,15.123969793319702,156.0,-4.39429836038552,38364
-1.936990859734751,-7.261344269679411,-2.0,0.006548608470551778,0.10396474231387871,-0.6484785801357161,29.434218493691326,2.13063645362854,157.0,-4.210436354913426,38501
-1.9830115748643875,-7.555781022191048,-2.0,0.0017520648709032686,0.10289842084800599,-0.6333548647072166,24.78520306110382,15.523242473602295,158.0,70.10678830693956,39501
-2.0074862246513367,-7.292280313432217,-2.0,-0.000766811542911455,0.10218614930124528,-0.6490232286006212,25.392433347940447,15.21752119064331,159.0,30.269560265103582,40501
-2.0147033663201466,-6.931835936089761,-2.0,-0.0015158275303270756,0.10336817517094685,-0.6061008990072609,24.55373001010493,8.152677059173584,160.0,210.68213730699668,41042
-2.0087415618896483,-6.999127372115851,-2.0,-0.0009059752670582384,0.10384815770280251,-0.5952265829760581,25.8737844645977,15.471238613128662,161.0,71.77169135810796,42042
-1.9869916911869612,-6.740994641926721,-2.0,0.0013563475799491386,0.10422933272594953,-0.5638209898024797,26.827657120137275,3.5734446048736572,162.0,12.345278412325513,42279
-2.019571290490377,-7.112979980298827,-2.0,-0.0020417311696402565,0.10418120823553972,-0.5868669889831287,24.804709560634024,11.032152891159058,163.0,-237.88465910258097,43003
-2.0074562517534784,-7.0780630932134745,-2.0,-0.0007823279594118167,0.10523503540325573,-0.5555834967048229,22.47796217573791,9.058090448379517,164.0,-229.2348948467613,43598
-2.034135810634758,-6.922996515412874,-2.0,-0.003609004533036223,0.10582374068272098,-0.5630842212257506,26.301667080649846,6.021475076675415,165.0,242.71378897430245,43993
-1.9904946167469024,-6.834079570442438,-2.0,0.0010091862972476519,0.10617096303652235,-0.5473151379656047,25.0390048327446,15.295476198196411,166.0,23.884808136278334,44993
-2.0095418284579023,-6.456757793339287,-2.0,-0.0010062245880651129,0.10563272547768568,-0.4945320202855439,24.451988708682176,2.480926990509033,167.0,-32.364811649739934,45157
-2.0176050455883296,-6.91599557303419,-2.0,-0.0018640745167780404,0.10590683179804472,-0.5493543936033742,23.504655423790517,7.621585369110107,168.0,-289.21563624720727,45652
-1.993644553422928,-6.842959334731102,-2.0,0.0006781217319658026,0.10693948525287858,-0.5355010054372251,24.113299189567567,15.183653831481934,169.0,43.82498446301346,46652
-1.9916290616989136,-6.883464297115803,-2.0,0.0008860073571559042,0.10555653029963918,-0.5099832853786648,24.1726085190773,15.201924324035645,170.0,31.523171126062138,47652
-1.9894070845531173,-6.528835503212419,-2.0,0.0011163447793277662,0.10529758252765384,-0.5346138786868637,21.514072596308697,3.77774715423584,171.0,-30.087204881368635,47901
-1.9950511597823541,-6.641096589650303,-2.0,0.00052195681520674,0.10522225291816602,-0.5003302178062292,23.350092740732162,10.552408456802368,172.0,-124.60726923472713,48588
-1.9715015361309052,-6.6144709642529484,-2.0,0.0029626069648074917,0.10370848222943208,-0.4936711956057698,23.26281805372238,15.229855060577393,173.0,-2.194925184391913,49588
-1.953963119875301,-6.214584393257445,-2.0,0.004716443343166649,0.10238180550950274,-0.4674561923587477,23.379675943356055,4.800812721252441,174.0,-8.447050099067212,49896
-1.9647093842200765,-6.620488044990132,-2.0,0.0035739365994486624,0.10120782685989109,-0.4812298703142776,24.005882679894174,8.675330400466919,175.0,-151.7843847004736,50467
-2.0318763823736283,-6.525486869876888,-2.0,-0.003216848835399767,0.10094103171836356,-0.4893172102517822,25.17283142937554,6.8152549266815186,176.0,-155.3687570353863,50908
-1.9988182312250138,-6.520575175404549,-2.0,0.00012181989481905476,0.10148844346803604,-0.4941677217967808,21.918320734024046,15.191460132598877,177.0,9.412741242381529,51908
-1.9870347580909729,-6.446652578502894,-2.0,0.001310553734889254,0.10097217619325417,-0.4594068164154887,23.184881103038787,15.453840255737305,178.0,-1.937491238941273,52908
-1.9893770630665641,-6.127325695625601,-2.0,0.0010658850204535726,0.10044845795367952,-0.4519430154157593,20.818243756651242,11.42162537574768,179.0,-200.53161427969502,53656
-1.9960253965854644,-5.922489383429289,-2.0,0.00039885862747905774,0.09934168212477443,-0.44901717380434275,21.281959889888764,15.380547046661377,180.0,28.875257120375252,54656
-2.027853337407112,-5.711307625949383,-2.0,-0.0027993578176246955,0.10046218960543515,-0.4720019752196968,21.307063632011413,15.391260147094727,181.0,8.243772438262503,55656
-2.0224478170757614,-5.91515327571743,-2.0,-0.002290594025787911,0.1025853996495285,-0.4590966108641834,23.567640002609686,11.808730125427246,182.0,80.35235669441515,56429
-1.9968376989364625,-5.719322989016772,-2.0,0.0003268028147285804,0.10312763440151582,-0.4412692306730896,23.48354608464241,15.377010107040405,183.0,-3.502373437801406,57429
-1.9246521772565068,-5.375309439245108,-2.0,0.00759315795447627,0.10066000323633557,-0.43063984030756997,21.69863122669426,11.305769920349121,184.0,104.41520920359301,58169
-1.9466906897679483,-5.57330195522676,-2.0,0.005203126452024694,0.09717524681585721,-0.4444937606431623,22.398808818129318,12.88668704032898,185.0,75.45246637884264,59012
-1.9870798971461154,-4.8557306250621535,-2.0,0.0012458537647704027,0.0959791586108115,-0.45181009134855765,23.09580849505019,2.674994468688965,186.0,-64.45312571399928,59186
-1.976112860918045,-5.6857509424090384,-2.0,0.002279361087246798,0.09543966916627404,-0.4242805197499692,23.097028812885284,15.273126125335693,187.0,43.72838677455969,60186
-2.0207610007316346,-5.517071725830199,-2.0,-0.001966621442180541,0.09471471668901617,-0.42355050207189626,19.596863824854452,5.790217399597168,188.0,-32.10093258537297,60564
-2.0231965062100796,-5.645875298816703,-2.0,-0.0022197351515865515,0.09614982512859352,-0.39877538635200893,22.240617273787215,14.908171653747559,189.0,-234.0281812340175,61550
-2.0345869909121297,-5.384721173042656,-2.0,-0.003373331808578328,0.09745389429362931,-0.4086615009562304,22.19658639809144,13.635444641113281,190.0,-158.3509323535967,62439
-2.029098317027092,-5.442802962332964,-2.0,-0.00289754149800865,0.09991521745172509,-0.42992039168998597,20.15744153428078,15.290058374404907,191.0,-22.754558632074904,63439
-2.0069746733575626,-5.653306506682133,-2.0,-0.0007004647376943731,0.10068497545326552,-0.35131497512423043,18.03465607373611,4.2015297412872314,192.0,-112.51221269520359,63715
-1.9752865884304047,-5.6961018396615986,-2.0,0.002472711931273807,0.1000288566497045,-0.40909304038528355,20.58052635669708,15.399619340896606,193.0,-28.40972291489908,64715
-1.9388231587409974,-5.712866580456495,-2.0,0.005942001307033934,0.0970985270579982,-0.40136924997344614,19.920555080652235,15.44852876663208,194.0,-28.397416667355003,65715
-1.9489407478570937,-6.054412150382996,-2.0,0.004783381543529685,0.09344015831080162,-0.38966758562345055,19.445973854780195,15.260008335113525,195.0,-11.220352320638735,66715
-2.002941697716713,-6.049329794630408,-2.0,-0.0002695115476381034,0.09185679353246158,-0.37341199308261275,20.090730684280395,15.421071290969849,196.0,36.554361292058715,67715
-1.9763609278202057,-6.075064329773188,-2.0,0.002169905921560712,0.09229400659827121,-0.37873075815662743,19.193968060731887,15.346054553985596,197.0,20.000146987894734,68715
-1.9428938325643539,-6.253831304952502,-2.0,0.005100714167405386,0.08948927434306345,-0.36244287779182194,19.933013842105865,15.35170316696167,198.0,-35.87767185277631,69715
-1.9426659551858902,-6.520169216811657,-2.0,0.004936893312435132,0.08610158735638752,-0.3659029340650886,18.866517317295074,15.253327369689941,199.0,8.101071231291273,70715
-1.9515746448040008,-6.487524328976869,-2.0,0.004032016625395045,0.08317858141705893,-0.3829343452434987,19.00266774368286,15.140274286270142,200.0,-2.711208459609188,71715
-1.96582448720932,-6.864154336333275,-2.0,0.0027721372920786963,0.08102184940836576,-0.33566958337835967,18.65549901723862,15.247756958007812,201.0,6.142155116985944,72715
-1.9502689487934113,-7.00338910639286,-2.0,0.00392415773315588,0.0788126178004974,-0.3523811835348606,17.88841167354584,15.219430208206177,202.0,-39.8497703369736,73715
-1.9497587312459945,-7.137874179184437,-2.0,0.003840169056551531,0.07622909176679409,-0.3392372767738998,19.20569431376457,15.319871664047241,203.0,1.8908795784890107,74715
-1.942028886437416,-7.5805256571173665,-2.0,0.004284492345759645,0.07396048120887372,-0.34659647959843276,18.49255251288414,15.286531448364258,204.0,0.9394851317906507,75715
-1.9695856691598892,-7.531681747674942,-2.0,0.0021872670435113834,0.07188927252056715,-0.35438030236773194,16.72302555847168,15.272514581680298,205.0,20.8603017026671,76715
-1.9211138019561766,-7.7953695576787,-2.0,0.005482495238306001,0.06952681846940612,-0.35417991466261445,17.3031217648983,15.343068838119507,206.0,-79.3754157956103,77715
-1.9428592396974564,-7.954982184648514,-2.0,0.0038129285925533624,0.0665137045419774,-0.33099502278491855,16.39660447216034,15.195367336273193,207.0,3.342394112134994,78715
-2.0122310746908187,-8.027659777641297,-2.0,-0.0008034238580148667,0.06565344817991264,-0.312795338395983,17.52004974961281,15.39077115058899,208.0,-22.523657247419404,79715
-2.010215329527855,-8.149744648456574,-2.0,-0.0006762493802234531,0.06616589961265502,-0.33243433219287544,16.29194165253639,15.21096396446228,209.0,24.899990510168724,80715
-2.033621117626269,-8.076862978812345,-2.0,-0.002258394865472753,0.06717547075675823,-0.31188775534674373,18.040397281499253,14.773104190826416,210.0,-241.47778917729238,81685
-2.0008331019878387,-8.12319552707672,-2.0,-5.47049914021045e-05,0.06813584629659714,-0.31209063581191004,16.793037340164183,15.298489093780518,211.0,-91.71945096404711,82685
-2.0054580731391907,-8.033275158643722,-2.0,-0.00036996840010397136,0.06786034846317407,-0.32490089373663067,15.445896544456481,15.415238380432129,212.0,0.5155492575130878,83685
-2.013391404390335,-7.969046735882759,-2.0,-0.0009151430196361616,0.06866535571415426,-0.3102838797308505,16.395700726509094,15.347316265106201,213.0,61.697616552073455,84685
-1.9788971548080445,-8.01893818283081,-2.0,0.0014444621146540158,0.06864456681928585,-0.29071202109195293,15.253024752378463,15.280072689056396,214.0,32.11181365026559,85685
-1.9885762846469879,-7.856784486293793,-2.0,0.0007739722284022719,0.0675985135429665,-0.29703195981681346,15.124150229930878,15.326936483383179,215.0,-0.3533512588664902,86685
-1.9944964221043764,-7.807970913547898,-2.0,0.0003713461614354772,0.0672288427291724,-0.28993791069886654,16.650118001083495,7.696436882019043,216.0,237.8649883158937,87194
-1.9951337772607802,-7.95231978726387,-2.0,0.0003279426452936605,0.06710017178097229,-0.2823829840645194,14.602479049682618,15.343912124633789,217.0,-34.53990250037303,88194
-2.005501734137535,-7.912355108976364,-2.0,-0.0003675680793239735,0.06732514078031593,-0.30565378730650994,15.671380872249603,15.143261432647705,218.0,11.023373002166158,89194
-1.975372460505641,-7.901866767423373,-2.0,0.0016502294956098793,0.06696547818420992,-0.29569016111657975,14.273880184542202,8.652860641479492,219.0,238.56931330555804,89758
-1.9875673020431879,-7.820309183093963,-2.0,0.0008288803199124543,0.06622202452056339,-0.31180544437199526,16.333347579401035,10.419835329055786,220.0,218.75921461292484,90435
-2.013665045436657,-7.947774713915768,-2.0,-0.0009066777778071849,0.06637424341594146,-0.2755621004622448,15.227758407210079,9.475950717926025,221.0,-201.9735303928299,91058
-1.9950553864282445,-7.787818800516917,-2.0,0.000331435974642927,0.06650106869174957,-0.2809388313055833,13.496043479793704,10.913430452346802,222.0,150.34932688556844,91771
-1.9656154258660807,-7.909033582774203,-2.0,0.0022694893791094127,0.06589742565439637,-0.2676849945580994,15.544555642006156,10.573242902755737,223.0,-309.6354291484847,92452
-2.015557304337308,-7.905028307562941,-2.0,-0.0010194371325587463,0.0654096180491373,-0.28268345346400786,13.91571189181788,8.580119371414185,224.0,220.88168126005962,93024
-2.0077581409215925,-7.793570098519325,-2.0,-0.0005104992772103288,0.0659063346935042,-0.2600350345596671,15.214729461908341,15.365748643875122,225.0,11.643497415655794,94024
-1.9919939376115798,-7.813411601305008,-2.0,0.0005298967536073178,0.0660455364330442,-0.2837629087241367,14.384429200172423,15.056544780731201,226.0,-24.744000697944216,95024
-2.026327331662178,-7.662064728617668,-2.0,-0.0017471929944586008,0.06635838502375832,-0.260477118158713,15.44843566584587,15.350199460983276,227.0,-9.689998671481309,96024
-2.0166151480674745,-7.549693605780601,-2.0,-0.0011181513015762904,0.06723088101633724,-0.24945992982573809,16.668775106906892,15.277395725250244,228.0,0.979140951801913,97024
-2.0510396290160453,-7.40470946037518,-2.0,-0.00348269242443803,0.06815843787509847,-0.24937646366673275,16.324291793188948,6.494653701782227,229.0,182.55229370997586,97451
-2.0142029494000524,-7.393536467507412,-2.0,-0.000978596831969946,0.06905887308036401,-0.25193001707966245,14.640978259100041,9.631904602050781,230.0,-241.5974901672055,98090
-2.0216153099536895,-7.33412543296814,-2.0,-0.00150544762366917,0.07016609522053203,-0.24687901628762485,16.327792821884156,15.16751503944397,231.0,24.816228886085426,99090
-1.9692918642688153,-7.35080404852086,-2.0,0.0021470751620545885,0.06978610093779732,-0.27461448397987814,16.013123106155824,8.238525390625,232.0,-243.80449749833,99626
-2.0145775660276413,-7.25546651083231,-2.0,-0.0010154489887645468,0.06957816703966854,-0.26192841842398046,16.814600496053696,15.178658485412598,233.0,6.974892268160622,100626
-2.0214884107112883,-7.177521776437759,-2.0,-0.0015171891463105567,0.07089919491026385,-0.2541174378748983,16.8872973549366,15.26224398612976,234.0,-4.091644282201736,101626
-2.0013536418676376,-7.094840905129909,-2.0,-9.470854379469528e-05,0.0709559238931749,-0.2511712220115587,16.015143784284593,15.41905951499939,235.0,-26.632237521765656,102626
-2.006470490574837,-7.04122962129116,-2.0,-0.00045996224333066493,0.07103434614068778,-0.2714094528183341,15.875899057865142,15.282151222229004,236.0,-26.92428289325996,103626
-2.021080658197403,-6.934887625098228,-2.0,-0.0015177805597777479,0.0720821801574823,-0.25800087782926856,16.28982748746872,15.402714967727661,237.0,41.87173816228205,104626
-1.9983911581089535,-6.9695551136537945,-2.0,0.00011836545319245857,0.07261544771854682,-0.23441741367289878,15.73623089239184,8.541172504425049,238.0,166.90721280878574,105197
-2.0180075589491397,-6.841629669009423,-2.0,-0.001308575373057428,0.07287551113975121,-0.26060735988525713,14.731154630622084,7.531799793243408,239.0,210.40534438709255,105687
-1.9992195833921433,-6.977793795108795,-2.0,5.784978298470378e-05,0.07287181211436636,-0.21396398176252843,17.552875894069672,15.138596534729004,240.0,13.000076985581224,106687
-2.0113928156594434,-7.149954807427195,-2.0,-0.0008314996705141513,0.07311153610269185,-0.2352496565678545,17.826439031296307,8.794498920440674,241.0,-173.15246768906525,107263
-2.0385407503205117,-6.916495611691715,-2.0,-0.0028412078680103703,0.07392593899970167,-0.24542880045494647,18.053614574008517,7.647002696990967,242.0,-141.0495421216128,107758
-1.9984755743741989,-6.772615275740623,-2.0,0.00011474788561463357,0.0742149387287503,-0.22847016851231455,15.902404306888581,15.250365734100342,243.0,-6.886430449812765,108758
-1.995570826344192,-7.1665005122000975,-2.0,0.00033007477789700107,0.07425323519302161,-0.2458080678479746,15.453547606244683,5.787775754928589,244.0,-268.1856679286184,109142
-1.9933670152425766,-6.7551511923968794,-2.0,0.0004920121913892218,0.07381999103063436,-0.24259875771589579,17.233319961547853,15.287175178527832,245.0,-13.501383834954494,110142
-1.9721614443124917,-6.757683347302314,-2.0,0.002042603402356523,0.07312732503546386,-0.2525848472204123,16.699136927561664,9.677405595779419,246.0,175.79638812737795,110785
-2.0083482720851897,-6.703448314636946,-2.0,-0.0006072809554170817,0.07297412630412538,-0.2242083173338324,17.517765806913374,15.275041818618774,247.0,-12.122142177561319,111785
-2.002583248972893,-6.7416229819059375,-2.0,-0.0001874256627052091,0.07331708131423487,-0.23951002454385162,15.817995580673218,15.430073261260986,248.0,9.977394408644914,112785
-1.9314275695093024,-6.881943089782067,-2.0,0.005000741341086866,0.07297317240912979,-0.22950635306279427,16.240848649222897,4.832138299942017,249.0,242.38715616374824,113103
-1.992132388114929,-6.815738134384155,-2.0,0.000569880586292129,0.0719475381708329,-0.21437467108294367,15.96043858742714,15.320573091506958,250.0,-56.10846254038156,114103
-1.9991299276351928,-6.857877819120884,-2.0,6.412937084678561e-05,0.07226087941919031,-0.22236576295271515,16.45263957762718,15.361777305603027,251.0,-21.56746930616815,115103
-2.03040172511,-7.038341653540852,-2.0,-0.002190745623528624,0.07204686440421161,-0.23579791499438083,16.501061802957118,3.772722005844116,252.0,223.8231331094562,115349
-2.0100434786081314,-7.018613607883453,-2.0,-0.0007265314863761887,0.07236484048700857,-0.23106039860844613,15.799130254507064,15.211183786392212,253.0,-3.2386142182359317,116349
-2.0102814699404807,-6.998591852232018,-2.0,-0.0007488286625645355,0.07296264210507866,-0.21530105364311686,15.566905599053174,8.187235355377197,254.0,226.23699507223637,116892
-1.980932066679001,-7.04969341146946,-2.0,0.001386067163082771,0.07267774662339765,-0.21859665738325565,17.05184911608696,15.2174813747406,255.0,25.324954180621177,117892
-1.9839282900094986,-7.230744593590498,-2.0,0.0011552749329712241,0.07150979940566282,-0.2170155775770545,17.033420270919798,15.325372695922852,256.0,1.0199555531640545,118892
-1.9653684123754502,-7.248941981911659,-2.0,0.0024466587015776896,0.07027359662167064,-0.20110318510141223,15.126044399738312,15.367704391479492,257.0,-129.9636544749528,119892
-2.0096244698762895,-7.3067021736204625,-2.0,-0.0006721901154960506,0.06998818904989486,-0.20556882838718593,16.37035459256172,15.34493637084961,258.0,30.55697669994949,120892
-1.9949016670127968,-7.2791551026431,-2.0,0.00035961324639328116,0.0700296350151893,-0.22034582438116723,14.862267863905275,5.964555740356445,259.0,-107.15708444333242,121277
-1.9899710025787354,-7.269241471767425,-2.0,0.0007028602634090931,0.06963093280349401,-0.22098674893565476,15.951475989818572,15.43388319015503,260.0,-18.450315559377618,122277
-1.9814807525873184,-7.17096218430996,-2.0,0.0012842871527536772,0.06925777613910111,-0.2042346127871424,15.729539331674577,15.211923360824585,261.0,-4.1996065675457706,123277
-1.9655045004538547,-7.277550385027756,-2.0,0.0023547936018188426,0.06830816379501531,-0.204165727449696,14.350825224099335,12.48402214050293,262.0,160.85292034139673,124087
-1.9937738906145095,-7.289427317172289,-2.0,0.0004217118082451634,0.06725993725084953,-0.18578329984657466,15.128191106557846,15.37990140914917,263.0,45.74740218469419,125087
-1.9923814178705215,-7.262543537884951,-2.0,0.0005131858997337986,0.06726194822573629,-0.2004184679724276,15.22648057794571,15.14120864868164,264.0,-18.51163547752653,126087
-1.992870521068573,-7.2973021442890165,-2.0,0.00047843429108615965,0.06695471425494517,-0.19719577139988542,15.398660932302475,15.36450457572937,265.0,-34.08540209170386,127087
-1.9444643593096471,-7.374802882854755,-2.0,0.003692400657730484,0.06647991865771063,-0.2079248245969251,14.03312328359583,2.8122060298919678,266.0,-20.249655015473195,127269
-2.0044846994721373,-7.436031928399335,-2.0,-0.00029573100834133346,0.066428284941938,-0.20349281132221222,16.447616508732672,14.217161893844604,267.0,166.8561837812657,128189
-1.9836652746622712,-7.268685578820211,-2.0,0.0010806946353274782,0.06609181416456031,-0.21458987233939186,15.530394689178083,15.2025146484375,268.0,92.2433610596078,129183
-2.01004870720323,-7.2885807844876505,-2.0,-0.0006594216373919195,0.06575415100586635,-0.22386313783979453,15.741292658974142,4.974393129348755,269.0,31.184737151559574,129506
-1.9997278138651413,-7.216355486762679,-2.0,2.0562570297823418e-05,0.06631582642426212,-0.19344470550193113,15.028350203063567,15.38178300857544,270.0,122.45876752054662,130503
-2.0071456513273604,-7.16904899899019,-2.0,-0.00046916126504267027,0.06581919698624879,-0.20388128841552167,16.269711175533608,8.353863000869751,271.0,-148.8780152011326,131048
-2.0299106444591044,-7.224372007886287,-2.0,-0.0019787328483439966,0.0664473209718988,-0.14674271545405929,16.891746939214972,6.59309983253479,272.0,210.5283809126559,131471
-1.981742291533973,-7.155818409418903,-2.0,0.0012133870308472891,0.06652146766777735,-0.19598202800675738,15.417851722996918,6.952230215072632,273.0,256.505290340855,131928
-1.992989198953347,-7.333042905385182,-2.0,0.0004644180600107367,0.06593758056508191,-0.1945896547117315,15.536635449175527,15.046072244644165,274.0,139.1347930885479,132890
-1.9885198806524276,-7.292047283887863,-2.0,0.0007555200836504809,0.06552224914504859,-0.18035939902253448,15.376544947624206,15.676551103591919,275.0,1.2082896032295638,133890
-1.9890704114437103,-7.202696486830711,-2.0,0.0007138372829649598,0.06518926564086584,-0.1959210617672652,16.597646594524385,15.40925908088684,276.0,-35.75510707904079,134890
-1.9694220011234282,-7.173201388299465,-2.0,0.001968634716235101,0.06420407402503855,-0.18565013762470334,16.463059427022934,15.502625703811646,277.0,22.79678819494126,135890
-2.00027707195282,-7.225107038140297,-2.0,-1.6214309202041478e-05,0.06359693757308751,-0.18287078885640948,15.843135080575943,15.399556398391724,278.0,15.211284319793982,136890
-1.967834493637085,-7.268075617551804,-2.0,0.0020305140267591923,0.06296282683167186,-0.17137322557158768,14.644727463960647,15.253662824630737,279.0,5.084568763904461,137890
-1.9916916505098343,-7.207129341214896,-2.0,0.0005191807933151722,0.0622023990930336,-0.17697921939380468,16.305796453475953,15.461020231246948,280.0,5.099432428380722,138890
-2.009104889981887,-7.394286920042599,-2.0,-0.0005631700465835602,0.06182509470556523,-0.17288437349089125,17.093489355108996,8.108351707458496,281.0,-219.78590001317298,139417
-2.012285552428434,-7.1643402819349475,-2.0,-0.0007638760220528022,0.06232329426915972,-0.16039255571472794,15.91851335782616,4.8972413539886475,282.0,215.55477278199197,139736
-2.014654191081564,-7.338452610244894,-2.0,-0.0009150984614046105,0.06234147787846929,-0.18615665063471665,15.831130263058375,8.234670162200928,283.0,159.52724082011912,140269
-2.0110955998271156,-7.5000439729321515,-2.0,-0.0006953940798894572,0.06289680033523722,-0.17458739436502793,15.394887312852195,7.530849933624268,284.0,-228.81889223896636,140760
-1.99594211327732,-7.414689842567494,-2.0,0.000257062121464549,0.06256829393385294,-0.1887248984456023,15.258987176120673,11.738792419433594,285.0,-269.1691613309954,141521
-2.0139858919382094,-7.416911714851857,-2.0,-0.0008810526648303494,0.06339190822486723,-0.16325757102575153,14.214722372055054,15.387161493301392,286.0,16.387893465550583,142521
-1.9979566505284814,-7.344581426643744,-2.0,0.0001317714331520161,0.06333544478090943,-0.21310788677717613,14.776695044060064,3.673588991165161,287.0,242.7671905603665,142767
-1.9545253645151088,-7.628322561390889,-2.0,0.002871598430479375,0.0631416661603456,-0.15665721502871469,15.952334235876034,4.808784246444702,288.0,242.36729027691433,143079
-1.9781949352927324,-7.245009439020622,-2.0,0.0013692996648520732,0.06269150112478368,-0.1977919704939534,17.44628965127759,2.5661702156066895,289.0,19.736569655300457,143243
-2.033599965554431,-7.471939710746134,-2.0,-0.0021045018272838533,0.06282255237760087,-0.19477711329446698,15.197761969458789,2.0786666870117188,290.0,-18.608941287423974,143376
-2.0068742892742155,-7.686676243245602,-2.0,-0.00043153247627196836,0.06301649281031031,-0.17432634635176508,15.523283990383149,15.295158624649048,291.0,-31.798652744279,144376
-2.0040594841823105,-7.216783513707563,-2.0,-0.0002543529657231382,0.06312543208340068,-0.16709197283345312,16.23420508538396,3.7022063732147217,292.0,13.80430944711928,144618
-1.9704828230792253,-7.803216251494392,-2.0,0.0018493592447758943,0.06266915860190346,-0.15622248623776372,16.749407529830933,14.466517210006714,293.0,173.8647682593233,145563
-1.992044193761332,-7.763454934100171,-2.0,0.0004943060701699941,0.061988080883010145,-0.1962277734769391,16.404482241277094,2.204957962036133,294.0,6.5716311603624575,145706
-1.951350086826389,-7.867097353531142,-2.0,0.003010602012844914,0.06192169416011342,-0.20339083431635874,14.163793869611233,2.6779489517211914,295.0,36.872254989442496,145883
-1.990844970703125,-8.01399799633026,-2.0,0.0005644652864430099,0.061101477563507894,-0.16167514700628818,15.6591524310112,15.4204683303833,296.0,-12.524583153006347,146883
-1.9796597604751587,-8.117596448719501,-2.0,0.0012407779877830762,0.06085809896117412,-0.15564739666692912,15.675652677059174,15.234611749649048,297.0,-7.463194275478921,147883
-2.0102020198106767,-8.05337501502037,-2.0,-0.0006168648229795508,0.06088674523197056,-0.17705204605683683,15.062987255334853,15.288510799407959,298.0,-36.75501550613667,148883
-1.979051128581718,-8.385372638702393,-2.0,0.0012752056106735297,0.06087347299117187,-0.16811514827480287,15.932404008912451,2.4327147006988525,299.0,15.536080213645405,149045
-1.9656420891312347,-8.070188627845939,-2.0,0.0020851911548739194,0.060587837878125446,-0.12590685180634603,16.26878918450454,2.6803781986236572,300.0,30.863989002760036,149219
-1.9978557645082473,-8.41849832201004,-2.0,0.00013164645852521063,0.06083950482393317,-0.1556701057218015,15.17814326119423,15.25201416015625,301.0,-10.47898793711,150219
-2.010569840550423,-8.554863908529281,-2.0,-0.0006383938731160015,0.060659295303091824,-0.15938469123095275,15.556715093135834,15.234602451324463,302.0,3.8042775231016903,151219
-2.027044395327568,-8.53378929758072,-2.0,-0.0016571027731406502,0.06159860495130481,-0.16786836247332393,15.650748820543289,15.44322395324707,303.0,31.65620120331166,152219
-1.9913721190297544,-8.444758881489044,-2.0,0.0005344302494427547,0.06184379767423451,-0.17070556980709137,13.795091368294703,3.156038999557495,304.0,26.874888925618478,152422
-1.998046518087387,-8.702199368715286,-2.0,0.00012218719883821906,0.06167743812057475,-0.1515435582473874,14.906596422672271,15.277961730957031,305.0,-0.2858757777375942,153422
-1.9748679414987564,-8.789046303033828,-2.0,0.0015402825379278512,0.06100871346984052,-0.16987383843399584,15.052494840145112,15.471899271011353,306.0,-0.9698956434350183,154422
-1.9987163001601533,-8.742368674962462,-2.0,7.982860642092644e-05,0.06086843263041573,-0.155295474035357,15.536217312149654,6.9080328941345215,307.0,229.66090565268644,154875
-2.011953165025815,-9.003162902334463,-2.0,-0.0007243744899903464,0.06099963250893926,-0.16478405765298268,15.29677596040394,5.66139554977417,308.0,263.1710987809289,155243
-2.0250442829525586,-8.98720936057637,-2.0,-0.0015286028510054519,0.06110909881388795,-0.17141949445985763,14.287492790268463,6.333817958831787,309.0,225.3123651289532,155655
-2.0423782976993397,-9.029951024978741,-2.0,-0.0026112055132305567,0.061713385577627025,-0.1695309960196359,15.89121010037381,6.790925979614258,310.0,216.58514959527,156094
-1.9668458422757513,-9.107902705394727,-2.0,0.0020393616976409567,0.06152846389250168,-0.17220985440726172,14.755631057897471,13.13478422164917,311.0,120.48570439636815,156962
-2.0139527472457446,-9.183242228162081,-2.0,-0.000850180140006722,0.06091046010702111,-0.1290487456781456,15.890543505635565,10.89497423171997,312.0,176.7753915817484,157654
-1.9918549563884735,-9.161264505743981,-2.0,0.0005000996643211693,0.061435949637511124,-0.13286173807643353,15.750101530313492,15.568061113357544,313.0,-7.77471989850744,158654
-2.00353040766716,-9.232486243247985,-2.0,-0.00021429992525372654,0.061302568316858645,-0.13957679502572864,14.874372208595275,15.634364604949951,314.0,16.140717006399452,159654
-1.9888282955884933,-9.380681103467941,-2.0,0.0006815364736248739,0.060883295722825255,-0.13812451417464763,15.492913847923278,15.310346364974976,315.0,49.718746234590704,160654
-2.0204387514640447,-9.433850540524036,-2.0,-0.001242840638731752,0.060923832202448805,-0.1509624019287153,15.408670261194573,10.394163608551025,316.0,-135.7745274255331,161332
-1.9850758983377825,-9.432945721457449,-2.0,0.0009112771404788278,0.06115581913109978,-0.13402381061503524,14.260033258410733,9.63346815109253,317.0,216.83775474506353,161959
-1.9935733132392355,-9.434191898729816,-2.0,0.0003918257275443969,0.06076201668393468,-0.12197489362889491,18.679281183758622,2.4910576343536377,318.0,24.40346980333753,162118
-2.0108050716166592,-9.547667160989624,-2.0,-0.0006564019315060511,0.060867296327713254,-0.1401397835684453,14.529550703646743,8.273256063461304,319.0,160.7429147792869,162657
-2.0001601608837114,-9.613650233024542,-2.0,-8.331907022983873e-06,0.061075517468593146,-0.1381409032519581,15.22221822407022,14.58525562286377,320.0,115.6328293435955,163606
-1.9926513080327015,-9.500159431403539,-2.0,0.0004499163528034499,0.060959491546070534,-0.125118444756306,15.339165168888163,8.048927783966064,321.0,224.52139285671447,164136
-1.9805038939295587,-9.59504838324882,-2.0,0.0011806201625212624,0.06063853051511672,-0.11711769085075405,15.406381937748677,14.038160562515259,322.0,149.91517016372245,165061
-2.00555062118956,-9.667810484876366,-2.0,-0.00033212970525488565,0.059994623335751326,-0.14284367737101825,14.487764645603084,10.423686504364014,323.0,-264.443864208107,165742
-2.0018920716047286,-9.638164303779602,-2.0,-0.00011244137369794771,0.06066816845664792,-0.1262703330013901,15.408095999002457,15.189554691314697,324.0,-112.9533532177613,166742
-2.0042409662008285,-9.750651934862137,-2.0,-0.000254328767710831,0.06055055666865761,-0.13684564665146173,15.478197420358658,15.173383474349976,325.0,31.472556907865656,167742
-1.977948316693306,-9.946987253427505,-2.0,0.0013265832326142116,0.06015010960352876,-0.12886104279570282,15.290313462734222,15.162371397018433,326.0,-12.471710316971945,168742
-1.9862246247529984,-9.880578511714935,-2.0,0.0008192087376955897,0.05925377016713959,-0.13458010941557585,14.923641584873199,15.365147113800049,327.0,-80.99392069617397,169742
-1.977413145717017,-9.90909464325838,-2.0,0.0013269262377500258,0.05859498078655972,-0.1329914256613067,14.459829481187947,15.18862533569336,328.0,131.58414081207616,170740
-1.9880842003822328,-10.0361996986866,-2.0,0.0006938949069590308,0.05833283751035133,-0.12822439302690328,15.854999835968018,15.204680442810059,329.0,-32.37639721841673,171740
-1.954929128818074,-9.88106460312463,-2.0,0.0025879707868407347,0.05747059229640946,-0.12810966483315372,15.015458680891543,7.252712726593018,330.0,243.63320496529445,172219
-1.9919876227378845,-10.16761927652359,-2.0,0.00045631999167380856,0.05688102472136664,-0.12143758613243699,14.524997025966645,15.366964101791382,331.0,-13.211408887228345,173219
-1.9853903202703542,-10.228483496537391,-2.0,0.000825237929298668,0.05634726869333297,-0.12793975839132754,15.31068723182563,15.251089096069336,332.0,-201.71576568147364,174213
-1.9990496997833251,-10.25353281569481,-2.0,5.496140394825488e-05,0.056003691165803,-0.12997383879870175,14.451795640707015,15.535770893096924,333.0,-17.77468387098597,175213
-1.982125806784582,-10.113676221671707,-2.0,0.000998479622042456,0.05599226608805311,-0.12935275526041676,14.755631829072573,15.63851523399353,334.0,100.25987476566353,176211
-1.9958110944582865,-10.072747299304375,-2.0,0.00023424526111389592,0.05510631530841777,-0.14147992016044625,14.410748291760683,12.980941772460938,335.0,136.21816912423685,177043
-1.9985190288654502,-10.2431828055639,-2.0,8.348669946312203e-05,0.05542958529042568,-0.13080855495042656,16.114756873369547,11.280244588851929,336.0,123.29452201332055,177766
-1.997525193452835,-10.314010964155198,-2.0,0.00013855970196891576,0.05516805304177956,-0.13476228661090137,15.296528495788575,15.663456678390503,337.0,-22.79162790335015,178766
-2.012156784892082,-10.522975589752198,-2.0,-0.0006718433285714127,0.05523848849088675,-0.10891261421516538,13.971106796741486,15.748042106628418,338.0,-11.325027082838993,179766
-1.9908449294567108,-10.565320538043975,-2.0,0.0005098048107465729,0.055417294876173896,-0.12403732790518553,14.669763459682464,16.01374626159668,339.0,9.597883355026717,180766
-2.016494037270546,-10.629170283794403,-2.0,-0.0009146567973075435,0.05542935122403338,-0.11127569410204888,14.965163206100463,15.806050539016724,340.0,-55.84658875661889,181766
-2.0048018195735873,-10.756688753763834,-2.0,-0.00026720682374135304,0.05609785352315291,-0.1256075025216412,13.408962047712917,9.474700212478638,341.0,212.8209153002963,182369
-1.9872211816552452,-10.78331354063513,-2.0,0.0007144122014985326,0.05580665868534222,-0.14014682579900462,13.910035771682924,14.014687776565552,342.0,75.0894464240141,183277
-2.0330308138132094,-10.775487144470215,-2.0,-0.0018526008035405538,0.05625411276284268,-0.11704554398544133,14.70941910123825,15.53886079788208,343.0,-24.167495978209107,184277
-2.0076811903715135,-10.918900489330293,-2.0,-0.000435054584115278,0.056970802271202964,-0.10269272144790739,15.921269487857819,15.748237133026123,344.0,14.487467593691038,185277
-1.9738500690460206,-11.06558088684082,-2.0,0.0014810669986763969,0.05676843389805719,-0.12552370746992528,14.770234165906906,15.990272521972656,345.0,-19.181869977398986,186277
-1.9913023014068603,-11.207164776325225,-2.0,0.0004879853182355873,0.05572472377070414,-0.11536018641665578,14.916443837881088,15.763837099075317,346.0,26.689210147167508,187277
-1.9872668236494064,-11.360049646377563,-2.0,0.0007095473566441797,0.05537674252952447,-0.10945479982718825,14.514252699375152,15.73147702217102,347.0,17.13845990622659,188277
-2.0019831505227597,-11.540559381119749,-2.0,-0.00010896086398056371,0.05532914402704738,-0.11574194800663502,13.611442956011347,7.242990732192993,348.0,222.74346753942754,188747
-1.9738210541009904,-11.68933370065689,-2.0,0.0014391248497122432,0.05493147616139947,-0.11528565085865557,14.650971105337144,15.590243816375732,349.0,-50.17021822747848,189747
-2.0356296892166137,-11.683455461502076,-2.0,-0.0019600370615371504,0.05503505589504832,-0.12530233633425086,14.793344421625138,15.348743438720703,350.0,-44.47261802272642,190747
-2.0170334483447827,-11.793720636290578,-2.0,-0.0009493962558776306,0.05598234870717458,-0.1070559739101271,13.22202248418862,7.4761083126068115,351.0,255.06073395603806,191241
-2.005007791775529,-11.746444021245484,-2.0,-0.0002787898814115393,0.056165677124190044,-0.11523790746446579,13.32189035005467,7.1352550983428955,352.0,218.42152211928592,191706
-1.9805790579319,-11.865352912902832,-2.0,0.0010840438911109231,0.055990520448388176,-0.10629839541157708,14.965186841964721,15.433160543441772,353.0,31.591979130098494,192706
-2.00808040161801,-11.901172161102295,-2.0,-0.00044630299775362916,0.0554335111713283,-0.10131291311032548,14.323941555752116,4.820034980773926,354.0,244.4937909867287,193020
-1.9709172287528944,-12.13886024018572,-2.0,0.0016076792951042313,0.05513880684308791,-0.08963574839729445,14.810683903297594,7.598703861236572,355.0,246.27492315565695,193513
-1.998817457736117,-12.044903153354682,-2.0,6.681566015880519e-05,0.05500523518912103,-0.11841209964302268,14.320483539289642,6.38663649559021,356.0,217.60353153238012,193925
-2.000345399620336,-12.206774692652058,-2.0,-1.786168471024306e-05,0.05501594173082486,-0.1045719899168802,13.80952536075487,4.993504762649536,357.0,216.18260172089498,194252
-1.9846141784331377,-12.194564018249512,-2.0,0.000845367469934418,0.054889186863899465,-0.11123737965217408,14.493862368078792,6.616308927536011,358.0,220.58797413741348,194677
-1.9753904621124267,-12.13666423110962,-2.0,0.0013411344196647406,0.0544292235630293,-0.08401023796200752,15.363369004058837,9.57514214515686,359.0,182.21238475942772,195302
-1.9905866220412467,-12.359378421354872,-2.0,0.0005101574180274919,0.05423424383884039,-0.09586901656212474,14.268027674813984,15.120444059371948,360.0,93.99384580928134,196290
-1.9787321747842845,-12.399525712997333,-2.0,0.0011441462876377012,0.05371705004797442,-0.11329042091371666,14.142792328615123,6.7178637981414795,361.0,230.29762550345288,196729
-1.977655149545277,-12.44440076079842,-2.0,0.0011953038248610085,0.05319913803804197,-0.11759763228150026,15.288111299348513,6.457481145858765,362.0,-88.00791491023206,197142
-2.012925023274706,-12.382218246428382,-2.0,-0.0006885423282792003,0.053348679613918204,-0.10001757966712216,14.7004441879443,9.290507793426514,363.0,165.73367005519452,197746
-2.005095348090327,-12.47336497023242,-2.0,-0.0002717176060723592,0.05353684107568805,-0.10447505011945339,15.242086785480314,13.919677972793579,364.0,80.90174096260475,198654
-2.0191640559063164,-12.636036148208017,-2.0,-0.0010288166702978687,0.05365903662413677,-0.09489142177059018,14.146282486590861,4.347963333129883,365.0,240.19243534623624,198933
-1.9634694492115694,-12.458693507450079,-2.0,0.00196484787910081,0.053776974741911183,-0.061748587288985066,14.327719688415527,2.3727760314941406,366.0,31.99641044462078,199086
-2.013294141375304,-12.777228611124803,-2.0,-0.0007135505211093002,0.05381349829463174,-0.06845563457403273,13.837580213035318,4.780706882476807,367.0,229.88395347101954,199403
-2.0131457216885624,-12.846903974043732,-2.0,-0.0007081076629397408,0.05397086558057686,-0.10965775501841012,15.657363544400162,10.496944665908813,368.0,204.1420998508609,200089
-1.9793389619364816,-12.890651308466829,-2.0,0.0011134838741170049,0.05384993217012122,-0.0888482679865753,15.399359448879888,13.340052604675293,369.0,192.50773840473647,200951
-2.0142904638051986,-12.972493368148804,-2.0,-0.0007655355224269442,0.05333826852274369,-0.08319676556810737,15.24511674118042,15.423115253448486,370.0,24.43049467750114,201951
-1.997602424263954,-13.049716101169587,-2.0,0.00013112420699326323,0.054060738931710865,-0.10184616954438389,15.972291759967804,15.382898569107056,371.0,1.6341184144158765,202951
-1.9957602195739745,-13.042593750476836,-2.0,0.00022987305390415714,0.053721494139496916,-0.09571092732809484,13.380769319295883,15.310073614120483,372.0,-25.335863873733402,203951
-2.027826533878551,-13.100048299677232,-2.0,-0.0014999168531914407,0.05388770928592013,-0.0657880286368377,13.639361218845144,6.5231335163116455,373.0,199.52439050764565,204376
-2.051913439150316,-13.327374745564288,-2.0,-0.0028255075096722177,0.05453853258362472,-0.08846917619412563,15.492465102528952,5.084756851196289,374.0,269.36532371076987,204708
-2.0141444495916367,-13.300932765007019,-2.0,-0.0007758785724872724,0.05495021837033797,-0.06907975279912353,15.082539802551269,15.524736404418945,375.0,20.17247298838154,205708
-1.96375428104257,-13.168446217674807,-2.0,0.0019887316958341994,0.054877615012728975,-0.0746024586204215,14.515911448791803,10.305064916610718,376.0,157.52482155987198,206372
-2.017591871500015,-13.377163856506348,-2.0,-0.0009598044414888136,0.054895273098441534,-0.07956359060481191,14.215987873315811,15.380110025405884,377.0,-13.806402740813198,207372
-2.051586639216018,-13.374010059454921,-2.0,-0.0028453639585049144,0.05522709612902304,-0.06674284029895912,14.197880671259671,3.6053895950317383,378.0,237.8632502866763,207605
-1.9919199167490005,-13.38726560497284,-2.0,0.00044763582199811936,0.055289685782187264,-0.08632203548960388,14.317972848176955,15.491636991500854,379.0,12.754421191939292,208605
-1.9869410940408707,-13.43068833398819,-2.0,0.0007183850734145381,0.0548160142904334,-0.07237029352318496,14.109552455902099,15.442214250564575,380.0,29.190209575532617,209605
-1.979895260224494,-13.531820179295623,-2.0,0.0010976965914319134,0.05457017305997999,-0.0740394097269108,13.593574827214432,4.298072814941406,381.0,256.3332078835071,209888
-1.9705776233396095,-13.51837998702813,-2.0,0.0015991952633040791,0.05438215656685771,-0.0754269729542287,12.488206970246502,3.833791732788086,382.0,241.81493350026057,210129
-1.9961166923073517,-13.73920725131857,-2.0,0.00021190155853724314,0.05403388893688062,-0.07621770809579398,14.138094808863498,8.051351547241211,383.0,192.32514270396055,210651
-1.987731504559517,-13.543252611160279,-2.0,0.0006625527284923009,0.053978919719130734,-0.08399575278162956,13.860220304727555,12.826430082321167,384.0,2.6299676596192434,211651
-1.9857605560259386,-13.708260053938085,-2.0,0.0007651989223880016,0.0535380625592574,-0.06620480617592958,14.951069007678466,6.759624242782593,385.0,241.53933837678963,212091
-1.9759881747961043,-13.846844692230224,-2.0,0.0012756111209164373,0.05300611207101716,-0.07431712469644844,14.969323508501052,15.469556093215942,386.0,11.23754230996808,213091
-1.9709338147372486,-13.78884659731452,-2.0,0.001524133859252069,0.0522761952182964,-0.06446373780422351,13.527552180536716,8.506700038909912,387.0,200.11970241609174,213652
-1.981156247249548,-13.792409167082413,-2.0,0.0009805251624894098,0.05197767740887949,-0.11312652695924044,13.696381145974865,5.28821587562561,388.0,244.04243122986693,213997
-2.0165880342193,-13.777627234427344,-2.0,-0.0008608453572860346,0.05204938871024161,-0.09196211821677176,13.189575952409909,4.739938497543335,389.0,-271.35386626385065,214299
-2.0382553985118865,-13.980481541633607,-2.0,-0.0020144613781012594,0.05269933856879947,-0.06697016322799026,13.599314699411392,15.196340322494507,390.0,-24.120549559861182,215299
-2.0029024362564085,-13.937339991133735,-2.0,-0.00015303200628879844,0.053603279432621616,-0.08355969386730368,14.127777725181833,11.57851505279541,391.0,150.8207315037084,216054
-1.9849552515154092,-13.948601705204068,-2.0,0.0008022076369050225,0.05322876591715853,-0.08124740002599105,14.350850221509727,9.31406044960022,392.0,192.09589226989948,216653
-2.038810859841539,-14.037578954442825,-2.0,-0.0020735247852767644,0.05342177535859871,-0.05014756366525539,14.59331986976667,8.126211881637573,393.0,172.69506757915804,217179
-1.998355022848469,-14.052152040186694,-2.0,9.03155774729228e-05,0.05371458004566904,-0.044105026510101245,13.808397572567785,7.878631353378296,394.0,240.4160963654535,217690
-2.018259383344844,-13.918288812908333,-2.0,-0.0009854305394564747,0.05401837454636377,-0.07227621954665374,15.329487481846376,11.30137324333191,395.0,166.14407990576515,218429
-2.0105498411655427,-14.05568869304657,-2.0,-0.0005729240591754206,0.05446420700534716,-0.07566295038349927,14.178538840532303,15.625940322875977,396.0,21.10936098402299,219429
-1.9936151987314223,-14.015418639659881,-2.0,0.00034953753917943685,0.05476718859471225,-0.07112224587239326,16.08282211637497,15.313800573348999,397.0,43.22187745222696,220429
-1.9687611266841059,-14.04969040248705,-2.0,0.0016908902156612148,0.054197602685644476,-0.05560061411851126,13.505416211667269,8.835063457489014,398.0,171.84326573229885,221004
-1.988954405784607,-14.130666021347047,-2.0,0.0005931307618739083,0.05383174119271143,-0.06958390689548105,14.69736447763443,15.269576787948608,399.0,44.89271413318658,222004
-2.0202801493385096,-14.123601214177958,-2.0,-0.0010851629592940751,0.05360605338621067,-0.07872460045751117,15.023143729824374,11.13841986656189,400.0,138.2822288444142,222735
-2.003553793297051,-14.3086261808502,-2.0,-0.0001899079294580249,0.05388049556761109,-0.07532866510290721,14.384483678000313,2.466500997543335,401.0,47.69839485451058,222896
-2.033572925333066,-14.265371105045949,-2.0,-0.0018193861604314057,0.05410915231840186,-0.06431713132760382,14.73014162466364,9.287212610244751,402.0,206.8676468803143,223514
-2.0084249645799073,-14.103189847158674,-2.0,-0.00045945472577425947,0.054782203178459166,-0.07852715778119242,15.429631690215466,9.615440845489502,403.0,182.4296886841788,224151
-1.9690074399970043,-13.992717297871907,-2.0,0.001693589505926845,0.05468620847285815,-0.06735148048349496,14.32579793765627,6.615915298461914,404.0,221.80153641143082,224586
-2.0102637659095093,-14.180584617938456,-2.0,-0.0005575884878364222,0.0542579647126534,-0.08248518985043746,16.12565603192753,9.285066366195679,405.0,223.4030094265836,225187
-2.0197172349691392,-14.083093013286591,-2.0,-0.0010814000735990704,0.05482254914337362,-0.06536963048391044,15.096252989292145,15.308956146240234,406.0,-2.048176803517869,226187
-1.999150300860405,-14.235053990364074,-2.0,4.812334850430489e-05,0.05523614724224359,-0.06223716599866748,15.276133009672165,15.422534704208374,407.0,16.10677359568738,227187
-1.997804623383742,-14.23606312929929,-2.0,0.00012266643682448704,0.05535838963249589,-0.06349409423297742,12.960939222639734,5.6386120319366455,408.0,233.39132225364517,227551
-2.036649920979854,-14.328838932316918,-2.0,-0.0020323096427474234,0.05563358319117556,-0.07096946423974584,15.060981195305539,6.560285329818726,409.0,237.7085437332109,227974
-2.0122152878458324,-14.358628362557138,-2.0,-0.0006817690021553731,0.0557918463719794,-0.0837297305400616,14.638257871771083,9.824020385742188,410.0,172.7838936638094,228613
-1.9786921044875836,-14.166722343707907,-2.0,0.001195723831990798,0.05594458236906961,-0.08194522796006039,14.001528861604887,4.3841705322265625,411.0,203.5030907936425,228903
-1.968868653091152,-14.20245580860738,-2.0,0.0017284364189384923,0.05521954303389752,-0.06249890677902973,14.82432626371973,10.789034128189087,412.0,225.47103069163802,229615
-2.011592102408409,-14.246982763290406,-2.0,-0.0006392116806237027,0.05524937072599916,-0.04306877852417529,15.251622066259385,15.190892457962036,413.0,0.21256291591939402,230615
-1.9903494387865066,-14.26402499103546,-2.0,0.0005349928273353726,0.0552955610656295,-0.06038537100329995,14.122161112308502,15.261336326599121,414.0,13.022791041276117,231615
-1.9869922487031773,-14.276484159622068,-2.0,0.0007167150153281687,0.05525626861995058,-0.03772944427546582,15.186133784921095,9.41438102722168,415.0,173.4339144781667,232228
-1.9961124576330185,-14.213644513130188,-2.0,0.0002142673005000688,0.05458037514410809,-0.04857075740769506,13.410485860109329,15.024350643157959,416.0,57.68576842230573,233228
-2.011201604247093,-14.271155766487121,-2.0,-0.0006131692955386825,0.05490139055472181,-0.05118468549661338,14.852314467191697,15.192561149597168,417.0,48.764583951420285,234228
-1.9977371368843775,-14.259740717135942,-2.0,0.00012682011863664509,0.05540885471287605,-0.07833591097397193,13.974303774535656,12.84820818901062,418.0,168.13360040311983,235060
-2.0097901476502984,-14.30822987127078,-2.0,-0.0005383820029852491,0.05513186121303641,-0.0566433511886269,14.710317079866478,9.57262396812439,419.0,194.6473634543359,235693
-2.0174169237613677,-14.323033387184143,-2.0,-0.0009665657280129381,0.055551995626317914,-0.051171421026811006,14.783790018081666,15.28360915184021,420.0,19.161282130136275,236693
-1.9903405827561809,-14.346699692424714,-2.0,0.0005416009509381042,0.05580869498802442,-0.054304596133182705,14.0570580137826,5.933549642562866,421.0,221.86667011419678,237079
-1.984994189246841,-14.229465425878331,-2.0,0.0008359726369077259,0.055769141763849776,-0.05971149180718846,13.089207837978998,8.436333894729614,422.0,174.81911417895722,237631
-1.9748352850260942,-14.227193792229114,-2.0,0.0013920477637008805,0.05529211262647134,-0.05241562520234805,14.635657145277314,5.70791482925415,423.0,249.0276716261676,237999
-2.0247031896936685,-14.13928854495065,-2.0,-0.001364005841782765,0.0551972580843872,-0.035711447955582926,14.408377207242525,6.249416828155518,424.0,244.03454587061788,238402
-2.0507616122996777,-14.526399383752807,-2.0,-0.002831354938233043,0.05583364686162564,-0.0329979408268464,14.220481633490373,5.592769384384155,425.0,268.0013561506831,238769
-2.00770561003685,-14.34263868522644,-2.0,-0.000432306409755256,0.056378965615620814,-0.04766474444512278,15.963567150592803,15.332326650619507,426.0,22.819295238856398,239769
-2.007283433794975,-14.275502141952515,-2.0,-0.000410382631176617,0.0566790383899262,-0.04462030287273228,13.655028750896454,15.378071546554565,427.0,-18.273657767092924,240769
-1.9838253452777863,-14.311536219596864,-2.0,0.000914775861252565,0.05681875630138342,-0.04698662209510803,14.17811479830742,15.226270198822021,428.0,-0.8295706917210488,241769
-2.0229737107753754,-14.382646550178528,-2.0,-0.0012975312735070475,0.056446899823814865,-0.035453591557219624,14.336651665687562,15.471727132797241,429.0,-32.5093981950966,242769
-1.9957969034910201,-14.414871361732484,-2.0,0.0002407975680544041,0.05705023870332711,-0.04231949797645211,13.934591976642608,15.219103336334229,430.0,-10.19853262808685,243769
-2.0143766974210737,-14.353623063087463,-2.0,-0.0008197348246467299,0.057098252923441006,-0.06264165944419801,14.844893386602402,15.482295036315918,431.0,-21.665726635373165,244769
-2.0156048981144146,-14.299416922471103,-2.0,-0.0008967537485338707,0.0576044294251072,-0.04683808078783948,14.609488054671708,8.442648649215698,432.0,211.65559058754525,245313
-2.0292331351041795,-14.378316814899444,-2.0,-0.0017036418135394343,0.058430594501630205,-0.05540015376545489,13.927460594892501,15.320684671401978,433.0,-18.438158550461438,246313
-2.0335226895297387,-14.456120433607651,-2.0,-0.0019832200779706355,0.05915194609176825,-0.04423227879896526,13.760801361493415,5.908672571182251,434.0,280.22368948582744,246695
-1.9943799046419,-14.532136891477851,-2.0,0.00033569491799465153,0.0594156572339119,-0.0309831298767559,15.619182126496428,5.840999364852905,435.0,240.56013935705198,247067
-2.0061589589118958,-14.522316459655762,-2.0,-0.0003645851750043221,0.059339976430530524,-0.029964542593806983,13.85732005929947,15.46037769317627,436.0,20.10651085778131,248067
-2.0010196727675362,-14.625709549800769,-2.0,-6.026039202854893e-05,0.05963416156071769,-0.02001418930956641,14.047497501244417,4.499867916107178,437.0,210.33270048027245,248363
-2.023352362990379,-14.584140720367431,-2.0,-0.0014024588698812294,0.060089495661072315,-0.02719430784881115,14.61904865884781,15.30441927909851,438.0,11.040594154079344,249363
-2.019292379975319,-14.607638496398925,-2.0,-0.0011754251301754266,0.06106024538841173,-0.03896058840304613,14.437147440195083,15.520445108413696,439.0,-3.649095327355523,250363
-1.9915528138478598,-14.636400880813598,-2.0,0.0005195418512448668,0.061345686261202806,-0.03965456960101922,11.717937225500743,4.609371185302734,440.0,233.48091123433062,250663
-2.028585554713412,-14.664049237503288,-2.0,-0.0017646944463684904,0.0616140434088327,-0.04351767391892913,13.892923073756263,11.904270648956299,441.0,229.52203590364337,251435
-2.0083227277994156,-14.61792971277237,-2.0,-0.0005178920315229334,0.06254065777481718,-0.03965814443584532,14.21897000002861,15.375277519226074,442.0,5.666448276592161,252435
-1.9672132099078874,-14.572625616849479,-2.0,0.002048589575293837,0.062471207106745655,-0.06651291824971974,13.407009912749468,3.5986313819885254,443.0,252.70016526737152,252671
-2.0153245040992753,-14.504016012728355,-2.0,-0.0009551075780896324,0.06237242768565652,-0.03288223704952861,13.714160666679941,6.518962621688843,444.0,268.9386443349394,253094
-1.9729911749362945,-14.585936584472655,-2.0,0.001676512034755433,0.062147780802241294,-0.05467283065337688,13.821549801111221,15.32439136505127,445.0,39.94199386176928,254094
-2.0099758051633834,-14.562003314971923,-2.0,-0.0006136048015323468,0.06176517919811958,-0.04562083938717842,14.139817980527878,15.255090236663818,446.0,41.26903428453438,255094
-1.9860707328433083,-14.68433470347571,-2.0,0.0008624796639196575,0.06164769104322794,-0.03526775758890879,14.739989875611805,4.841452121734619,447.0,227.79734117061355,255409
-1.9867423389100252,-14.596519984129756,-2.0,0.0008168092814727163,0.06142260881694063,-0.027690262629719582,13.434501335375133,8.549396991729736,448.0,192.88931600313208,255962
-2.0226094441151057,-14.65143550912852,-2.0,-0.0013902580134541266,0.06141676323052732,-0.022025749219332154,14.519051746433489,5.946865558624268,449.0,251.11637639443927,256343
-1.9853135724067688,-14.668800455093384,-2.0,0.0009033928725984879,0.0613472118630452,-0.031183358086273073,14.584583755254746,15.180565118789673,450.0,27.42024976037289,257343
-2.0205205602645875,-14.507251625061036,-2.0,-0.001259657088376116,0.061171402830993815,-0.027725764824077487,14.560276107549667,15.494217157363892,451.0,18.247119148419632,258343
-2.062753882422044,-14.468098994941823,-2.0,-0.003912479014854754,0.06251703021629353,-0.03871427852193399,14.725149546698301,5.230672597885132,452.0,267.80714333035604,258686
-1.9883233342170716,-14.547085227012634,-2.0,0.0007320122871315107,0.06265418922066632,-0.022539070742204785,14.560101792812347,15.230056762695312,453.0,-3.020446022991827,259686
-2.024319472651796,-14.66858317041155,-2.0,-0.0015190362981709693,0.06244530435983744,-0.02146772407278948,14.37624091847899,6.140550136566162,454.0,232.03933817006586,260080
-2.005686052162247,-14.58717157368672,-2.0,-0.0003559771772908201,0.06272570134201139,-0.0324696463469724,13.657727458423242,6.175374746322632,455.0,280.3286670170429,260479
-2.0004436215162276,-14.623610288619995,-2.0,-2.654940017964691e-05,0.0628599308288535,-0.02507439303398132,14.472229597091674,15.440232515335083,456.0,29.64200819066196,261479
-1.985107950925827,-14.61931844329834,-2.0,0.0009325789358699694,0.06277084031776362,-0.0235129997106269,13.955165950059891,15.393162727355957,457.0,9.472280879509496,262479
-1.9908760920763016,-14.558776453018188,-2.0,0.0005673289254191331,0.0620941329403332,-0.023222727137617766,14.506030673503876,15.60132360458374,458.0,-6.903288436781523,263479
-1.9879006620111137,-14.503866956739003,-2.0,0.0007475289890916532,0.061688694012597425,-0.032598343801689265,14.831807178816772,6.206952095031738,459.0,230.12743127180633,263885
-2.0215973165035246,-14.43451836681366,-2.0,-0.001338363884773571,0.0620592756083304,-0.04067306501045823,14.33566833615303,15.266012191772461,460.0,32.39818649916338,264885
-1.9901792656377968,-14.40415361488008,-2.0,0.0006151189382904139,0.06235651588385517,-0.03712887336236547,13.507026438694076,3.8898346424102783,461.0,252.6894374094058,265136
-1.9918773908615113,-14.502630942344666,-2.0,0.0005071858697338029,0.062316742212395006,-0.03585966925881803,14.350866319179534,15.341241598129272,462.0,11.276123314009327,266136
-2.001227912790488,-14.457501224198266,-2.0,-7.509468281787884e-05,0.06215542225203558,-0.016374930802791218,13.897835977414516,5.842732667922974,463.0,219.87205029331017,266518
-1.996382069135423,-14.496683681560402,-2.0,0.00022530614256134463,0.06201204950610622,-0.03553054365644933,15.000068367335208,11.375296592712402,464.0,194.41438323234837,267256
-1.9983991622924804,-14.495699691772462,-2.0,0.00010007122946262826,0.06198244864137621,-0.017689707735553385,15.705693451315165,4.972150087356567,465.0,212.5198622039296,267576
-1.9916653279066086,-14.466350175857544,-2.0,0.0005167359142506029,0.061891477716456145,-0.01894692040514201,15.149393105745316,15.190212726593018,466.0,30.476996234236744,268576
-2.0025057941675186,-14.382435484409331,-2.0,-0.00015322180703515186,0.06166052538211494,-0.01759363491088152,14.279505779981614,15.506468057632446,467.0,21.222847891055377,269576
-1.998485407651028,-14.483498070618817,-2.0,9.487424444006843e-05,0.06161066972486984,-0.028316092324034075,13.832194958446182,8.347292423248291,468.0,178.6155143889336,270111
-1.997336438921995,-14.277419860972914,-2.0,0.00016531134924450673,0.061759415475954364,-0.03328278001809363,13.619573210560999,5.230370998382568,469.0,251.9378065765796,270455
-1.9615078641258124,-14.419903877127261,-2.0,0.0023564522117749567,0.061239355492627864,-0.02736924737620786,14.705905635393302,8.14982008934021,470.0,-203.59109274551764,270979
-1.9999728260040284,-14.23777299976349,-2.0,3.270744055043906e-06,0.06052956326267402,-0.04833041291497648,14.78984159374237,15.202952146530151,471.0,43.88292306077696,271979
-2.03690517556566,-14.468874072218076,-2.0,-0.0022484615083029308,0.06109146229132281,-0.00598292082294864,14.480300535899046,5.41732382774353,472.0,221.63639872762872,272332
-1.9810272389650345,-14.289028392791748,-2.0,0.0011564574179355987,0.06096390345557774,-0.02938412239216268,15.137400539636612,15.374591588973999,473.0,15.581531925523322,273332
-2.004095351576805,-14.130819423675536,-2.0,-0.0002462704061763361,0.060739620603254274,-0.030255389573052526,14.627909265041351,15.836621522903442,474.0,3.176442416804299,274332
-1.97809612262249,-14.14789487838745,-2.0,0.0013213838399969973,0.060543833527193266,-0.0029842806393280625,14.552430443525314,15.5813570022583,475.0,-18.686880821021802,275332
-1.960900412797928,-14.119853553771973,-2.0,0.002330457139372205,0.05958654605977262,-0.047738513300816215,14.924719709555308,4.662753343582153,476.0,251.18185524749282,275632
-2.0066592254379922,-13.93558635452921,-2.0,-0.0003945348123738239,0.0594696276140489,-0.03791916879009484,14.646488410095836,8.123560428619385,477.0,217.03506960153345,276148
-1.988339780330658,-13.971172721862793,-2.0,0.0006924783507129178,0.05926548654601114,-0.0255683557279408,15.112740647315979,15.392237186431885,478.0,61.854338369860024,277148
-1.9907088751792907,-13.886926199913026,-2.0,0.0005480347209377214,0.05872296546478241,-0.01304295620881021,14.785518855810166,15.318462371826172,479.0,31.092585767454764,278148
-1.9862599964606633,-13.872880004373268,-2.0,0.0008048212488975362,0.05842262092636914,-0.03458829771471798,13.412099309776664,8.611807823181152,480.0,188.04188049138662,278702
-2.0028650649662674,-13.832569119025921,-2.0,-0.0001665171938306042,0.05841263484700679,-0.004974673508570112,16.35061108983796,4.585270643234253,481.0,261.9009507069258,278992
-2.0062405685186384,-13.815604854106903,-2.0,-0.000363084458920639,0.05858363340886335,-0.010474664818495513,14.383776234865188,15.626173734664917,482.0,-2.381424281904688,279992
-1.9894306738514544,-13.822117663612051,-2.0,0.0006205317273751394,0.05843255757188201,-0.010812546277916463,14.64012750646628,5.630568981170654,483.0,265.1944071492145,280355
-2.0046723262448225,-14.016387155099576,-2.0,-0.0002719771412417643,0.05845906443543752,0.016053228123556074,15.617557648890324,5.9302659034729,484.0,238.06143502350034,280738
-1.9993079100847244,-13.806626287460327,-2.0,4.176726873265579e-05,0.05842884143757129,-0.027335472194477916,15.297098860502244,15.514118909835815,485.0,25.6427905691724,281738
-2.036058516519976,-13.751729556995125,-2.0,-0.00211566025726291,0.058632223357144235,0.017892885382709906,17.01712249037964,4.2589006423950195,486.0,281.17367712671773,282009
-2.007966705658975,-13.729444556206024,-2.0,-0.0004685832033461515,0.05906544321877555,-0.01569653229973029,14.716755222316523,7.451460838317871,487.0,231.40864478475822,282482
-1.981642190337181,-13.685106644630432,-2.0,0.0010787038785638288,0.058770666300390094,-0.029260619750246405,15.046958387613296,15.737618207931519,488.0,43.41622968609712,283482
-2.0051751427592768,-13.56909867544328,-2.0,-0.00030115778422294817,0.05836952630949412,-0.010111070200500468,15.233011796109137,7.837951183319092,489.0,243.79820007067437,283978
-2.015603727109834,-13.582323815281702,-2.0,-0.0009134187150176458,0.05884091929960011,0.005096833574549025,14.81145728102806,12.118862867355347,490.0,208.51291878921114,284767
-1.9987506224558904,-13.432486988947941,-2.0,7.537656750243444e-05,0.05871413689822307,-0.026124954828594484,13.84951088978694,9.106778144836426,491.0,187.4619105807557,285352
-2.0015469023159573,-13.334457001766237,-2.0,-8.968696704510005e-05,0.05900584011589887,-0.009686000480809632,15.147339855422493,7.382412433624268,492.0,206.87451660823962,285828
-1.9821666682958603,-13.453571748256683,-2.0,0.0010455949067836626,0.05857881774549059,-0.018917806474491955,14.712513627052306,15.58159065246582,493.0,19.964528047725732,286828
-1.9959260522127151,-13.354732689857483,-2.0,0.00023848251218441875,0.058137591230869666,-0.0119041048316285,14.527487629413605,15.764655113220215,494.0,-14.141852051595384,287828
-1.998895954966545,-13.410128922462464,-2.0,6.514864729251712e-05,0.05810286515797509,-0.006436390545219183,14.940479782104493,15.583228588104248,495.0,3.0080389328159405,288828
-2.011536168997062,-13.21039971358231,-2.0,-0.0006694578023640305,0.05808105168068068,-0.01643443917619026,15.182096878320461,6.608331918716431,496.0,226.79334792877233,289261
-1.9838954095840453,-13.309138781547546,-2.0,0.0009332412258372642,0.05796194156368162,-0.02019245398696512,15.343877366304397,15.582630157470703,497.0,59.981082713128394,290261
-1.9949062628746033,-13.286479578018188,-2.0,0.0002944051038357429,0.05749190069068771,-0.014791218552738428,15.210160533666611,15.55645489692688,498.0,14.105627716736123,291261
-1.9377684904181438,-13.089166431841642,-2.0,0.0035522520309314133,0.05708624476431748,-0.020551739681674088,14.191963666418324,3.701714038848877,499.0,273.604387127872,291491
-1.994003494977951,-13.020685940742492,-2.0,0.0003413734030909836,0.056951947559653375,-0.013738014800474048,15.025793715953826,15.535722255706787,500.0,-14.191620590075381,292491
-2.008379562334581,-13.118732911619274,-2.0,-0.0004732936236409428,0.056676786181026666,-0.025247612991899423,14.48363591053269,5.488811731338501,501.0,248.90368481368506,292843
-1.9966264134645462,-12.947634092330933,-2.0,0.00019222567387623712,0.05645329437904322,-0.00608125311974436,15.098124019384384,15.515727758407593,502.0,20.47247321348409,293843
-1.9854745545687105,-13.041707071764716,-2.0,0.0008208920336640148,0.056409048079843226,-0.004310854176025361,14.73385692513255,7.739274263381958,503.0,228.72328164886196,294336
-1.9867399382036786,-12.923078410015549,-2.0,0.0007447636783729459,0.056091428569573436,-0.005662560389312201,15.752343608335007,13.351092100143433,504.0,175.73373328810254,295196
-1.9778158975268652,-12.859947604980164,-2.0,0.0012351287991267616,0.05565058786186265,-0.007983731568785374,14.541882633446214,7.70473051071167,505.0,231.40731971282412,295695
-1.996735862555231,-13.170918959687777,-2.0,0.000181948861116112,0.05534639651045082,-0.01806496030445482,12.771574291286417,5.813272476196289,506.0,279.94985864800975,296062
-1.9905834797620774,-12.886106200218201,-2.0,0.000521071495662909,0.05520654652105389,-0.012256544884294271,14.923909224748611,15.382502317428589,507.0,19.684199344070258,297062
-1.974876892479027,-12.985899890170378,-2.0,0.0013803012999928528,0.055001048254106615,0.013463598107645178,15.965010238920941,4.244132041931152,508.0,244.04655578437084,297334
-2.0085473523139954,-12.897517293453216,-2.0,-0.00046781979739898816,0.05462686801158698,-0.00337384461145848,14.879955336332321,15.59079623222351,509.0,-0.9559883736933641,298334
-2.05484473337551,-12.671755256260575,-2.0,-0.003040129424774287,0.055308682202599685,0.007746118472788511,16.90107014430519,6.023514032363892,510.0,251.42948842740137,298723
-2.006058476448059,-12.908902610301972,-2.0,-0.00033793632744345814,0.056195099579795,0.004668728146702051,16.814155436992646,15.503779888153076,511.0,-13.23428813544517,299723
